filename,style,mfcc1_mean,mfcc2_mean,mfcc3_mean,mfcc4_mean,mfcc5_mean,mfcc6_mean,mfcc7_mean,mfcc8_mean,mfcc9_mean,mfcc10_mean,mfcc11_mean,mfcc12_mean,mfcc13_mean,mfcc1_std,mfcc2_std,mfcc3_std,mfcc4_std,mfcc5_std,mfcc6_std,mfcc7_std,mfcc8_std,mfcc9_std,mfcc10_std,mfcc11_std,mfcc12_std,mfcc13_std,centroid_mean,centroid_std,rolloff_mean,rolloff_std,bandwidth_mean,bandwidth_std,harmonic_chroma1_mean,harmonic_chroma2_mean,harmonic_chroma3_mean,harmonic_chroma4_mean,harmonic_chroma5_mean,harmonic_chroma6_mean,harmonic_chroma7_mean,harmonic_chroma8_mean,harmonic_chroma9_mean,harmonic_chroma10_mean,harmonic_chroma11_mean,harmonic_chroma12_mean,harmonic_chroma1_std,harmonic_chroma2_std,harmonic_chroma3_std,harmonic_chroma4_std,harmonic_chroma5_std,harmonic_chroma6_std,harmonic_chroma7_std,harmonic_chroma8_std,harmonic_chroma9_std,harmonic_chroma10_std,harmonic_chroma11_std,harmonic_chroma12_std,harmonic_tonnetz1_mean,harmonic_tonnetz2_mean,harmonic_tonnetz3_mean,harmonic_tonnetz4_mean,harmonic_tonnetz5_mean,harmonic_tonnetz6_mean,harmonic_tonnetz1_std,harmonic_tonnetz2_std,harmonic_tonnetz3_std,harmonic_tonnetz4_std,harmonic_tonnetz5_std,harmonic_tonnetz6_std,percussive_zcr_mean,percussive_zcr_std,percussive_flatness_mean,percussive_flatness_std,percussive_rms_mean,percussive_rms_std
westAfrica_afrobeat_tony_allen_secret_agent.wav,afrobeat,-99.28435,91.513756,6.326954,43.093716,6.576697,14.006434,4.218691,5.73279,-2.8802109,6.1897044,-1.6369952,6.666914,-4.308027,65.28201,29.252405,19.138367,12.992665,11.31638,10.382795,9.50936,8.99092,7.6450257,8.320715,7.428871,7.174134,6.3665314,2077.729288885635,714.1209623240937,4616.308534231157,1370.9628379161727,2406.4541105961875,380.8821518017085,0.6463274,0.34965914,0.27362552,0.28851333,0.31414616,0.35499328,0.31337667,0.53842413,0.22950155,0.1728416,0.22971117,0.36010784,0.34305653,0.21379194,0.25891364,0.30056977,0.25308752,0.35573456,0.21513002,0.34573206,0.20232536,0.2030774,0.24588159,0.24363047,-0.020538508660904658,0.1928480249653752,0.017342196654749495,0.07047911526273909,-0.007575842830156867,0.023102398557342658,0.08952751644205209,0.11908483601228599,0.18274966512185425,0.11512548978730926,0.06084007250482847,0.05149041049492783,0.1321338718220339,0.08838776034208369,0.03664406,0.06323038,0.072206825,0.047983155
westAfrica_afrobeat_santrofi_alewa.wav,afrobeat,-94.690094,103.10232,-3.4028943,18.994236,-0.5011716,3.9745913,-14.046634,-1.0331831,-6.942531,-2.5580883,-7.5443845,-8.36329,-6.1705904,61.20291,29.701315,23.49833,14.578515,13.431534,12.43751,11.230073,10.113351,9.993411,9.495715,8.901248,8.609861,7.7846885,2092.077128050178,675.5159257316751,4531.278129738834,1633.18290671299,2350.595015421771,489.31209793505155,0.39842394,0.20861489,0.33757797,0.20538165,0.3388581,0.31505984,0.29627702,0.32654905,0.2084847,0.41130832,0.197926,0.41442883,0.33881885,0.1921241,0.35458767,0.17090833,0.30289558,0.29062667,0.25513446,0.31422073,0.16608338,0.36167133,0.15880084,0.3502941,0.1807593870418996,0.05485725843630612,-0.03151928248829561,0.10341786145190278,-0.004637635089951775,-0.0038515861993629417,0.13308114786530065,0.1670642079915165,0.21936383087726255,0.14422876603399196,0.07374352652125828,0.07760103190908389,0.1375237848633039,0.08911051147469881,0.047200672,0.059688993,0.06080261,0.0401453
westAfrica_afrobeat_chief_commander_ebenezer_obey_miliki_sound.wav,afrobeat,-122.15325,116.822716,-38.688797,44.448807,-17.42492,10.094077,-14.73646,16.8098,-2.1381605,3.712343,-5.8691173,0.98753434,-3.7512648,60.675766,25.317268,19.045063,18.87301,11.009235,9.93599,9.287582,9.496022,10.844232,8.269239,9.632217,8.26985,8.751249,1883.65664784912,520.6325491575749,3694.8554264632794,925.5653942887428,1827.3755346452683,281.19911430017794,0.340665,0.26132238,0.3360602,0.28196722,0.31279907,0.46854082,0.27182811,0.23928468,0.20614731,0.3255683,0.38037893,0.2870448,0.33539283,0.25383484,0.31573507,0.31087425,0.266403,0.38136527,0.25423443,0.29515198,0.19926745,0.29391944,0.36739638,0.25993976,-0.06352826792291359,0.09804305783821081,-0.03757738783875169,-0.11104434177462028,-0.005529177861202436,-0.01328176198289242,0.10514609908924526,0.0909858908057866,0.14692162254516483,0.17937304941385435,0.066728761363959,0.05910976299998453,0.1534557887232993,0.06370547711817286,0.012859698,0.035189994,0.0408612,0.021068562
westAfrica_afrobeat_rob_make_it_fast.wav,afrobeat,-112.39174,66.49753,2.5621943,11.107184,0.80820364,19.740583,5.023706,8.329723,-5.6453323,3.9681406,-5.13572,7.774064,3.2925134,83.15933,35.698143,25.109962,16.99546,16.080692,11.627548,14.213626,10.821965,9.560976,8.660183,8.521217,8.737366,7.766439,2975.1583442843494,1075.417892731628,6179.530588490575,1818.8867600785832,2729.3926368619004,446.00667392891893,0.29577917,0.33710948,0.70001405,0.2731939,0.29171288,0.27445465,0.2040965,0.2526077,0.25457135,0.4538428,0.2465301,0.218887,0.3017494,0.24296398,0.35663304,0.18442035,0.2863495,0.27241176,0.19390044,0.28088123,0.27187115,0.37445682,0.22287732,0.21708182,0.03804684578840637,-0.04433240836038056,-0.09992023641488519,0.03791681257802404,-0.022862519077180978,-0.01234795660991715,0.09388610973326317,0.08367219988764743,0.1540386477292529,0.14792495347763376,0.05384804364035146,0.04106072133383378,0.2265777481606977,0.12784826081696873,0.088224895,0.08388646,0.055617623,0.048951324
westAfrica_afrobeat_seun_kuti_imf.wav,afrobeat,-24.544514,55.97351,-13.083923,30.808285,1.0166686,11.579413,-2.3516693,2.9399989,-3.560012,2.2843282,-1.6376721,0.36113518,-0.5786676,85.41242,24.303156,20.70498,17.522556,16.005312,12.588408,12.139542,10.587208,10.48432,9.642486,9.24243,8.692121,8.164343,2919.4679356484894,776.4599168669491,5810.971282036519,1400.7178644261387,2550.7054034791445,483.6382187071932,0.31312832,0.300944,0.36827728,0.21473204,0.24269709,0.3111847,0.35268486,0.4574286,0.43789014,0.53680515,0.4464223,0.36025435,0.30176538,0.2712412,0.31575814,0.21704246,0.23921847,0.2853624,0.27893186,0.3305646,0.31722495,0.33427513,0.3306837,0.29548088,0.017611865033143742,0.029324695412429,-0.021601837123922694,-0.026799272067888253,0.01333558960274965,-0.005722219047499795,0.06561842996177342,0.06628899569802538,0.09339068245162903,0.09111045781203138,0.038943324562279315,0.031851562044884214,0.19635072279774543,0.0941114430354267,0.07557885,0.14158197,0.11552624,0.0522481
westAfrica_afrobeat_orlando_julius_jagua_nana.wav,afrobeat,-9.437032,45.546543,-14.164172,35.382927,-10.280984,6.7337346,-3.8915687,7.3042703,-8.841564,2.2051766,-7.365253,-1.1944181,-3.6880655,41.555252,19.021423,15.908685,13.000001,11.116196,8.591964,8.766611,8.230437,7.2575846,6.13585,7.0584083,7.0546646,6.423659,3326.464050104084,472.12948266225607,6258.477750609473,746.4746665549914,2570.355517826338,229.3429979659886,0.3782552,0.254257,0.43281487,0.2870668,0.2505043,0.4716638,0.33378208,0.48527867,0.40693048,0.43641,0.3933169,0.28436708,0.3179896,0.20497425,0.35056213,0.25221306,0.24355221,0.34867465,0.2228754,0.3268249,0.29068694,0.293399,0.2996906,0.2250447,-0.03221678957849936,0.10163789064298846,0.019306712866041794,-0.051835977634325195,0.0021679737813224296,-0.017039063580338163,0.08656553106782179,0.07312825853016318,0.12888763662967345,0.16720552268786065,0.0478916603885672,0.04688503467482096,0.267019611515411,0.07030089302264807,0.09525938,0.05997989,0.08370984,0.034772467
westAfrica_afrobeat_orlando_julius_buje_buje.wav,afrobeat,-45.445866,80.00363,9.18826,31.239073,5.476129,25.18962,-0.581392,-0.108021796,-4.0307493,1.7216212,1.1023134,5.7077284,-0.6321735,51.805847,22.931787,18.555733,11.923338,11.632902,10.506397,11.793703,8.819726,7.6385627,8.058699,7.2993,7.1247153,7.5270844,2425.1155134091596,716.0017489790082,5446.534254624557,1319.3843251963617,2640.1209723804895,353.3670076050183,0.32615617,0.2369259,0.31999177,0.3573522,0.5136545,0.46235675,0.4660897,0.5411242,0.34610525,0.26002002,0.200763,0.31818563,0.3231472,0.20479566,0.29406354,0.25174364,0.35729948,0.3423049,0.2754911,0.355854,0.2644055,0.2756516,0.21263236,0.29713663,0.09082318857019142,0.018735888061375154,0.03269539185897873,0.10291908902092498,0.018194436303187213,-0.02259281864327468,0.10230779118934903,0.1087941882903263,0.15350900805005613,0.1298422715598854,0.0667186299761879,0.04489355766468861,0.16308043909261086,0.10024187993098625,0.057334572,0.055189285,0.09767108,0.055708975
westAfrica_afrobeat_fela_kuti_gentleman.wav,afrobeat,-172.79126,58.278946,-31.30026,27.734621,8.246778,9.342661,-1.9701014,5.1896534,-8.823728,-3.443352,-4.394806,3.6811938,-1.7274992,120.862564,33.79172,49.600513,22.620176,18.096947,12.009314,10.672075,9.49613,10.554611,9.406942,11.278704,13.554537,11.860823,2793.979671021129,841.1137510539036,5202.800843376335,2007.0132881044876,2264.4388164860306,727.9461088476479,0.44708714,0.22479412,0.29966664,0.38948223,0.329676,0.5075898,0.27288666,0.22955808,0.23274401,0.2789657,0.25997198,0.2557116,0.36054534,0.1966802,0.30286363,0.34258983,0.26625112,0.3952494,0.23808436,0.26054612,0.2522308,0.28868937,0.26176888,0.2625509,-0.06980665610670539,0.16693528371067753,-0.04229756453606929,0.059101011094459005,-0.04231034686812513,0.012929469695394671,0.1731975541415874,0.16418771869276508,0.22388272388872152,0.18246820103994207,0.07651833796869645,0.07380225134600266,0.22337625794491525,0.08580997062559985,0.055353384,0.063770264,0.043133594,0.04727051
westAfrica_afrobeat_king_sunny_adé_ja_funmi.wav,afrobeat,-119.523445,91.18122,9.670375,30.648382,8.717539,8.556599,0.5719939,-0.21499176,-0.59590006,5.0383677,-5.9000125,1.7299113,-5.0780916,63.42371,23.520319,19.513716,15.463084,11.626152,9.826435,9.265077,8.578638,9.9917,9.717195,8.832432,7.5792356,8.73592,2234.010238854365,640.0164756450038,5054.819441937725,1495.183426238075,2588.25015606624,399.0047546673444,0.20173353,0.33027703,0.41848907,0.53067017,0.27109995,0.31632715,0.4132409,0.25688165,0.3637021,0.34306797,0.51169646,0.27866533,0.21522292,0.29957497,0.3073675,0.36221,0.20801844,0.27248847,0.34184438,0.21075371,0.34114435,0.25524026,0.3513854,0.23166005,-0.12267283999149121,0.0010562605062706862,-0.006203836843503478,-0.11236282364795751,0.015173277370674096,0.024354437512370257,0.09492788923125506,0.06931723130174484,0.12219100395104068,0.09241500304675289,0.03863258290817605,0.042112954015483726,0.12705691452504644,0.0782718699109056,0.04173367,0.061158076,0.053747084,0.035081584
westAfrica_afrobeat_dele_sosimi_you_no_fit_touch_am.wav,afrobeat,-112.72163,85.796036,26.287813,36.920284,6.248058,20.051397,0.7409641,-4.135463,0.64575666,0.9903746,1.9322482,3.3928072,-6.1996055,87.10103,33.834442,20.500038,15.222956,13.77061,12.988381,10.255304,10.666088,9.7041855,8.31798,10.043132,8.165932,8.910692,2198.1479628664274,941.3678228062612,4951.715545618869,2000.0639230084548,2579.7972366783374,499.0254964001926,0.26172075,0.26789832,0.3529761,0.31331235,0.4039701,0.60105497,0.32889792,0.28232253,0.33605093,0.4776334,0.27757752,0.24999937,0.279343,0.25155205,0.3379722,0.25852817,0.2911271,0.37534833,0.22558123,0.29570135,0.2923796,0.36046752,0.2531864,0.27783778,0.06091582922929229,0.02828577509459747,-0.13034490979037064,-0.0018488274520585947,-0.018327961550248954,-0.016035950563808854,0.06543145576059192,0.05713759505054064,0.09750642478559995,0.09953715778493644,0.03529929373824255,0.03950058733485257,0.1256430302414674,0.10055572154807346,0.043556713,0.061576046,0.10041646,0.07338118
westAfrica_afrobeat_ebo_taylor_atwer_abroba.wav,afrobeat,-60.860184,103.47145,-0.9336713,21.942963,4.333032,11.40223,0.5275588,7.1027837,-1.9585769,2.6947494,-0.2685514,3.4298036,-3.276895,64.51871,30.352076,19.801157,13.62718,11.771231,8.468457,8.263995,8.165129,9.907001,9.42138,8.199456,8.17336,7.7645764,2018.1586308913759,683.7185030990034,4273.965851602406,1545.9302470104624,2308.630609937298,403.78379116842393,0.64461476,0.3817262,0.25181276,0.42201576,0.3041256,0.28497124,0.22871177,0.33161283,0.30001077,0.16919027,0.26121473,0.3324012,0.3657569,0.23326263,0.22849053,0.35907477,0.2533694,0.32735738,0.25204372,0.320954,0.28192738,0.18862145,0.28601003,0.23058611,-0.08424023500647751,0.14243745423380808,0.05351086236574957,0.08154551529307989,-0.00040434101716461116,0.048658114813076005,0.09904379348859965,0.1027737667855257,0.13471678083979394,0.13894828313028385,0.055128125683215116,0.059850837235411986,0.12258376171784305,0.07600414061957823,0.03633326,0.0459611,0.08253419,0.045576785
westAfrica_afrobeat_kokoroko_abusey_junction.wav,afrobeat,-241.49515,175.63995,11.208009,31.759567,31.94494,13.10779,-0.96921164,0.69067127,-2.3023381,-2.3604739,0.7792342,-0.76688814,-6.0963054,93.19212,37.139767,42.728657,14.64508,17.34762,14.097475,9.867511,9.007207,8.555917,8.310587,7.7268696,7.5408015,7.503114,740.9726417056212,402.84624910620767,1373.2791543698847,1008.7735149575187,1066.258309103343,508.5755244671562,0.17881343,0.31339848,0.28098705,0.4175226,0.31246254,0.32613033,0.43448377,0.3566911,0.40913126,0.29436544,0.3501672,0.23393942,0.17249243,0.3189624,0.24541712,0.38120228,0.25572178,0.26820818,0.371955,0.25457194,0.35410655,0.2332252,0.3214755,0.2654747,-0.22665028712710766,-0.20689629772141227,0.09888385274273198,-0.09632109732012012,-0.013008675657274772,0.06055964283252122,0.24247860540841126,0.23870805224387986,0.27529062808938054,0.361513095356352,0.10569739833318945,0.13575568097367227,0.05409117787903413,0.0356896005157235,0.008931925,0.036012385,0.039545417,0.036615424
westAfrica_afrobeat_the_souljazz_orchestra_dog_eat_dog.wav,afrobeat,-74.67441,101.37775,-10.267781,23.768387,3.4769273,11.60856,-3.7913976,3.064312,0.6954949,3.7682893,-1.8919114,6.3813634,-2.5272608,73.15617,32.424187,29.557295,17.129883,13.648069,12.268595,12.137457,11.977198,10.587177,10.086736,9.187314,8.521112,8.100573,2132.571731307902,821.4696572686712,4447.925085276331,1870.1033200229174,2288.623998557651,553.5761189203843,0.35707757,0.26545718,0.44152012,0.44097883,0.3122173,0.46281564,0.380924,0.40403062,0.3158698,0.24701042,0.29363757,0.21089427,0.34104857,0.19178611,0.32500917,0.33674893,0.23615758,0.3446316,0.27882013,0.33797452,0.296827,0.23018597,0.29418203,0.17032029,-0.044525075312179224,0.11137314439343556,0.02585588123161492,-0.02906420023184057,-0.010176609255901489,0.01961887224396224,0.11235125934912733,0.11148477711127189,0.14016068422432287,0.13218159121195597,0.04905352463502954,0.05994297525235643,0.1283498905306768,0.08867268401800246,0.038909905,0.05678796,0.08602836,0.054820117
westAfrica_afrobeat_e.t._mensah_abele.wav,afrobeat,-151.91426,116.7626,0.78893244,23.8381,-0.8846592,5.1817884,-12.345944,7.742039,-4.7988405,8.175464,-1.0602663,2.6089966,-1.2551965,95.688774,35.03963,31.859566,15.228884,12.672638,10.231401,10.897482,8.403376,10.597578,8.326551,10.117081,7.197478,7.765386,1702.5679110345286,603.2392371636922,3577.1755755131503,1665.7924144909778,2032.2323895282739,567.8576767854124,0.2134395,0.21963327,0.41635332,0.22320418,0.23797894,0.22103573,0.35943085,0.49708167,0.382065,0.31555384,0.22493137,0.26455536,0.28365472,0.22708932,0.4086373,0.23557521,0.28992277,0.24052292,0.30063134,0.36370635,0.34246367,0.3054486,0.23584098,0.27402243,0.0566331480000676,-0.006403463229044139,0.027500304813638948,-0.04298109696035661,-0.011951073553107209,-0.03558427594581556,0.10597391863390974,0.08306382907369267,0.1253837089679559,0.17893923150920293,0.0523133015007837,0.0506463715512853,0.11387960242892584,0.0573490105012743,0.037473056,0.13682278,0.0461731,0.033688188
westAfrica_afrobeat_oghene_kologbo_sniper.wav,afrobeat,-68.01066,77.09549,5.452437,51.291683,8.812058,18.850687,8.633972,7.286901,3.930828,5.7302413,-2.6109173,7.309314,-8.982517,64.75273,26.768465,18.344662,11.086267,8.759772,8.147941,7.106938,6.709708,6.943647,7.3145347,7.2452707,7.2294827,7.0632873,2270.904789121175,712.3359885004975,4965.99435409925,1371.5021970398113,2490.0947494572238,396.3746668016433,0.39125907,0.40475628,0.44586483,0.3563239,0.40053496,0.3301811,0.328172,0.32736295,0.38380057,0.46601614,0.43866083,0.46322948,0.31035677,0.2801982,0.34450132,0.2591301,0.33873412,0.2937296,0.27619916,0.28956556,0.3063649,0.33745542,0.31469497,0.34598887,0.13682525583359897,-0.060217278989106615,0.03368627983916244,0.024961194241994538,-0.016568212866802604,-0.018581278623582977,0.07618450304939772,0.10335910328228717,0.1588084657652801,0.12726210630217472,0.05537170419418517,0.05069265644682159,0.15268346088126886,0.07835093056474518,0.04772359,0.0482993,0.068445176,0.029217064
westAfrica_afrobeat_the_funkees_akula_owu_onyeara.wav,afrobeat,-133.66223,105.57215,-6.916853,38.06493,-0.5933501,13.734531,-8.01125,7.6305976,-5.828401,-1.1107914,-2.6831782,1.2154474,-6.904494,81.884544,33.53923,27.654549,15.942158,15.477939,12.195324,12.370042,9.394466,9.241446,11.248577,9.93177,9.385712,9.112214,1915.3306361312368,720.8223844531254,3963.82423190083,1521.382408926838,2071.8684814721946,432.61198017925796,0.4312297,0.3099837,0.2673806,0.27610418,0.22753632,0.31993622,0.2686333,0.3963824,0.26490712,0.22263436,0.3145627,0.4047484,0.37180215,0.30851638,0.2539904,0.29146236,0.23780958,0.3623481,0.22728567,0.3695803,0.24875306,0.25004712,0.28697333,0.35392976,-0.001228631791434952,0.059814651644990544,0.03793074393201396,0.03912279091479993,-0.014708941725083824,0.009790879545744924,0.08014321199932468,0.09296309598879633,0.17131291540063673,0.11456787623421671,0.06122741607719748,0.04491851955702676,0.1341776355170362,0.0756776536658121,0.024730332,0.035775512,0.061042625,0.03599314
westAfrica_afrobeat_africa_70_roforofo_fight.wav,afrobeat,-47.059166,65.76474,17.169264,30.750257,9.052693,13.763425,-5.967681,8.786459,1.377228,6.142579,-4.235897,7.387233,-0.0796288,73.63317,36.536407,31.180351,14.553528,12.069031,10.69176,8.178099,7.903451,9.252557,8.639361,8.445069,7.910607,7.830651,2914.362114004193,1172.0463121738514,6146.434600241975,1872.2840109023382,2746.7554104131605,514.2682624684736,0.42527166,0.3284526,0.39938596,0.43587518,0.37163964,0.44538346,0.34575635,0.40147167,0.40549085,0.37320858,0.38295615,0.34658632,0.3270953,0.27688745,0.3013358,0.32808593,0.2761557,0.34874925,0.28427157,0.32561165,0.32464847,0.29663348,0.3080542,0.28611898,-0.036011609038654434,0.030921059741079178,-0.001439768246466155,0.02837079681891966,-0.004689316596489636,-0.0013026638067968439,0.07275743890958189,0.07302894093184492,0.07890763175963267,0.08096990421607667,0.03521132842608398,0.03283479914353565,0.18743118488071744,0.13704021807229486,0.06607854,0.10796971,0.12930717,0.064802945
westAfrica_afrobeat_the_souljazz_orchestra_mista_president.wav,afrobeat,-78.649216,103.84523,-6.8446293,21.841715,10.379254,9.879221,-3.245958,4.5025578,-2.3599558,1.1070076,-3.3401716,3.141987,-1.7954054,106.913246,24.951498,25.959051,15.094518,13.526676,11.814546,11.703799,10.3808155,9.89431,9.7875805,8.358259,7.9872394,7.8391967,1968.2305555155,577.7080894279345,4205.152843821649,1417.8482667088456,2282.8314718192955,472.20677067098393,0.39036784,0.26335922,0.29960763,0.35264084,0.32555935,0.30400908,0.25534335,0.46685863,0.48414695,0.3800587,0.31577474,0.2883777,0.35993168,0.23186456,0.28393295,0.2985492,0.24646358,0.3232222,0.21021798,0.3363406,0.3506781,0.29301658,0.27701196,0.27401042,-0.008104772141941968,0.12909988869785988,0.049558140617760905,0.0806556436419071,-0.018467134123590148,0.015702016599815224,0.09594851546595388,0.11558644696887568,0.15206532104493917,0.13020338441424617,0.0524740339976287,0.062124545192481416,0.11884869924686557,0.07131849844937235,0.02877061,0.044081185,0.102978654,0.066255726
westAfrica_afrobeat_fela_kuti_water_no_get_enemy.wav,afrobeat,-90.797264,93.25892,-4.1293674,23.556524,16.381817,6.5845175,-1.0261241,0.3406625,-5.405472,2.092315,-9.404218,0.9322633,-4.321499,89.70864,37.554558,23.561253,14.450069,13.90111,8.321088,9.7332115,8.978569,7.512387,7.494253,7.9069576,7.6135454,6.9699087,2248.1318312517024,840.2430418875974,4713.570418046748,2025.445433570567,2442.1866944995572,536.0300456753798,0.35331163,0.30796856,0.29580534,0.3772432,0.27287897,0.40357673,0.28410843,0.23507,0.28861263,0.2582161,0.54046714,0.29898745,0.32330105,0.2729285,0.2723243,0.36030024,0.24234407,0.32569495,0.26370493,0.22258355,0.30787957,0.20827769,0.38746053,0.20059942,-0.18123596766625236,0.038243489786251895,0.03085561899314948,-0.05334874863494408,0.0050651982482220964,0.02122312877224501,0.149678901982814,0.10535421940503599,0.17992670229357643,0.16005610805707499,0.053165694133570654,0.0825914075120175,0.154620204028326,0.10168481971939035,0.056233186,0.07713629,0.07558989,0.05587385
westAfrica_afrobeat_bola_johnson_lagos_sisi.wav,afrobeat,-152.0121,87.934425,5.9800487,26.463688,16.597765,5.3817472,-1.4834625,10.957958,2.2807336,4.4922566,-0.69073147,2.0040445,-0.3143023,66.89156,24.317886,27.114433,14.05407,11.849459,9.360918,9.549015,7.9239683,9.047312,8.506852,7.670969,7.1308312,7.3603754,2289.9285180504507,725.0331211194228,5106.337642913244,1712.382178692722,2618.9571098975216,442.4465568184376,0.56763345,0.3173275,0.23782313,0.25082526,0.20184891,0.21493779,0.197925,0.33907008,0.26808718,0.35248923,0.5676721,0.5077336,0.38317722,0.25432062,0.22959135,0.28403413,0.22354153,0.27147403,0.20984781,0.31918356,0.22347488,0.27923042,0.3631991,0.29046625,-0.032206443679407885,0.07984945478605615,0.052861236513972315,0.04336327987050308,0.018230253636306558,0.017691486422096947,0.07642435438218018,0.07216584634465667,0.10022643929143939,0.16584738133977733,0.05581318404718523,0.0445282465972889,0.14769419467944625,0.08314520719541713,0.052785616,0.06847569,0.03388696,0.01990089
westAfrica_afrobeat_kiong_sunny_adé_merciful_gold.wav,afrobeat,-51.628643,99.709404,8.553589,11.07062,0.56380016,6.5948224,2.7438731,-4.005243,-8.508249,-4.5632205,-2.9780557,0.8434201,-4.133081,59.495132,24.046474,16.81304,15.872616,13.108421,12.372386,8.966527,8.905495,9.506702,8.728751,9.030762,8.377171,8.559585,2223.353265565976,682.0270925225185,4994.318240564053,1633.7379829580705,2608.0497954845564,397.02418876580015,0.31511036,0.2408009,0.46040556,0.372621,0.3013665,0.20939167,0.26069352,0.38378876,0.24689436,0.3167483,0.22885473,0.38752574,0.312615,0.225446,0.35812607,0.29595533,0.3242198,0.2355387,0.25647935,0.3464534,0.22065811,0.33443007,0.21284205,0.34556463,0.10060434074840761,0.013578260835310371,0.05406837782478475,-0.0049806129410504205,-0.00219452175261625,-0.00882855398094007,0.09098509157886361,0.07897146139893592,0.12918221428862336,0.1289603164222125,0.04437525402074803,0.05231141152856823,0.1293958916806942,0.08087747078581964,0.0471242,0.0525374,0.0946611,0.054283135
westAfrica_afrobeat_ginger_baker_ariwo.wav,afrobeat,-173.38103,134.42207,-16.575357,26.15413,4.099954,10.178194,8.128032,3.554724,-4.1949506,6.528972,1.0089881,-0.6476058,0.9574953,79.904045,25.15998,26.668417,12.140399,14.489882,11.207895,13.072991,7.5193977,9.498195,10.202548,7.654685,7.2297945,6.6770916,1453.3503274554448,455.3513202620906,2897.526960902129,1042.7053460841903,1775.9646214635882,382.69207391678134,0.4936703,0.29876667,0.34680608,0.42749587,0.43511704,0.4920086,0.21593408,0.15819165,0.19162448,0.1397942,0.1253239,0.24004023,0.37681144,0.2756242,0.2848215,0.36262366,0.30580238,0.3921967,0.22529311,0.20707315,0.23016414,0.17927293,0.20396852,0.25518334,-0.18628274911312656,0.1665408238567971,0.007906812741043462,0.15583328695846976,-0.03603827999140403,0.08177162422054046,0.15775319376790353,0.11783752979889132,0.20965440673525712,0.11873262773367674,0.0582329497016621,0.08662481031166763,0.10639514661815068,0.05376343788383346,0.017598616,0.032338277,0.02899397,0.022127781
westAfrica_afrobeat_fela_kuti_zombie.wav,afrobeat,-57.110847,70.92537,8.591381,21.726812,-0.9685137,13.678447,-9.493046,5.848837,-8.481157,-1.0700945,-4.212891,5.369805,-5.116852,89.817444,33.75858,27.716322,20.001797,16.15575,11.378923,14.327718,9.175968,9.748506,10.147495,8.966858,8.843379,8.048956,2913.914125285607,893.1244410755651,6079.008976688567,1586.3673101319482,2705.174641224032,418.2087366628918,0.25650218,0.22273757,0.38559556,0.2787367,0.27061242,0.26375797,0.2625027,0.3658334,0.27643907,0.35344523,0.3703135,0.2942216,0.29162624,0.24622607,0.35473958,0.29198748,0.295991,0.29975638,0.26187932,0.366563,0.25201488,0.3323001,0.35251915,0.27179214,0.041769086464724894,0.06139745640737623,0.041679962360113024,-0.04700028143370406,0.016894240139975626,-0.016627963344496212,0.10262371889596039,0.1034376358656787,0.15296707015206942,0.12477663326143601,0.05686091661675768,0.05246076582074973,0.1963374711588693,0.10683579749482836,0.046740673,0.04784893,0.11063742,0.07273517
westAfrica_afrobeat_oghene_kologbo_opposite_people.wav,afrobeat,-85.796165,89.94749,15.718839,22.747108,6.0823627,13.149432,-3.2805696,4.535452,3.6413147,6.4971237,-1.5564693,4.7648015,-2.8743415,68.522026,40.614323,25.567019,16.805746,11.809084,11.156048,10.840151,10.051794,9.598824,8.682503,9.872449,8.477333,7.7112756,2338.013277036686,1053.776099497547,5163.871591894373,2216.1830049051077,2570.174057083805,589.4662012957035,0.3953431,0.20876676,0.27736643,0.28585598,0.24006069,0.44198143,0.24662238,0.29963404,0.45042023,0.34537813,0.38129756,0.2917297,0.36400265,0.22818306,0.31540832,0.31447917,0.23317945,0.38521492,0.23065151,0.27698117,0.36259902,0.2864433,0.36109656,0.26725343,-0.07725783616080226,0.08855798795833802,-0.06613526832064158,0.02984366536491546,-0.03825859476333318,-0.013143599671950643,0.0937656957020091,0.11455903991481285,0.12021912592689928,0.14364342790820708,0.05778711735015719,0.04533402360280703,0.16789772418083934,0.12117861903619578,0.05909738,0.07682939,0.09034853,0.05362963
westAfrica_afrobeat_fela_kuti_colonial_mentality.wav,afrobeat,-70.57571,83.7781,2.4731848,24.346287,9.767806,15.36544,0.9865829,4.0855865,1.090333,3.62475,-7.22007,0.6333119,-2.0849268,106.04949,38.81384,36.660248,16.941439,12.765976,9.306269,8.794232,7.56818,6.6771965,6.895186,7.530831,5.8312845,6.439356,2471.9701842979807,1070.6561001959699,5179.427793780474,2225.871781351065,2507.8819134616615,639.0943080864878,0.43124202,0.2208726,0.35493502,0.4501658,0.29961318,0.38381538,0.32152396,0.4387884,0.49670255,0.41279674,0.33290926,0.26126432,0.35282356,0.22023277,0.30407748,0.3293759,0.23811911,0.34713253,0.2527426,0.27877793,0.3348341,0.3035779,0.2816369,0.1986843,-0.09192756070568266,0.08636084650767865,-0.07447460543153298,0.12092966753370966,-0.04323783166880856,0.002696744178748057,0.08249537717621827,0.09085424679013551,0.08787860442157451,0.10682130836717581,0.048115231281572225,0.038980559883963053,0.1735232751552705,0.12363483192653862,0.054913826,0.07077505,0.09287401,0.059332848
westAfrica_afrobeat_e.t._mensah_all_for_you.wav,afrobeat,-148.3984,135.9413,-24.089273,40.772335,-1.5531045,8.453181,-4.230186,7.0744915,-7.1216273,-1.2190217,-5.245712,-3.6741168,-3.5052106,73.4727,30.176605,24.716536,17.165613,13.744492,10.73135,8.646829,9.097074,8.101746,8.377959,6.6785607,7.9773054,8.4272,1453.0415195322344,553.2558082108885,2833.793948773033,1145.7703567676504,1652.8160944106935,380.28700903759415,0.21646431,0.22370434,0.32734123,0.23796251,0.18513611,0.14701113,0.3630192,0.5481917,0.37424442,0.25704786,0.183729,0.26872554,0.2720906,0.2705258,0.35524073,0.26312512,0.27582905,0.17309584,0.30730313,0.4007252,0.31290734,0.2952134,0.232475,0.31369057,0.10182661156008148,0.06439021565113891,0.16312876543053859,-0.08746917159042492,0.015085194334730967,-0.0401235439300946,0.10349067289610063,0.11664430346869685,0.16132024793920363,0.14831730624104883,0.059937444445980904,0.061630266361830166,0.11349677201452871,0.06910032314318595,0.018228093,0.0711847,0.05535404,0.0441194
westAfrica_afrobeat_the_budos_band_up_from_the_south.wav,afrobeat,-65.56703,101.77205,-24.991089,43.2721,12.374025,24.624987,1.2985717,10.270836,1.4137397,2.7274837,0.81153786,3.316931,0.19768248,86.96515,30.342402,21.943815,11.396853,11.45953,7.7834067,7.9377413,6.9537964,6.125587,6.00413,6.3773127,6.541572,6.288716,1877.4622600106393,642.8088928579588,3865.3599484215374,1317.261181586376,2023.420979780838,400.7188968334693,0.22076872,0.31785864,0.5495206,0.54600215,0.63529515,0.3910637,0.20269537,0.14558968,0.18343183,0.3883738,0.29760882,0.27541095,0.1665418,0.23282704,0.36892128,0.2984383,0.35432312,0.31214845,0.16723509,0.15452062,0.18070546,0.33821842,0.3094033,0.2380589,0.18463646510455364,0.004232893265617188,-0.051671213218513576,-0.05801039272739867,-0.00661664968277432,-0.036927860015033655,0.13505629229925709,0.10642263299194696,0.1000576844991507,0.23870814783332575,0.10992245470625774,0.05872007775079529,0.12875490208526816,0.06802162884738402,0.03778944,0.05448567,0.08884555,0.06353943
westAfrica_afrobeat_seun_kuti_black_times.wav,afrobeat,-77.74483,65.46803,-15.850113,22.333895,-1.1397567,9.6111765,-5.416995,2.057595,-5.7554436,-0.3834003,-7.2488546,3.0022898,-0.30015334,57.813614,29.504648,22.806156,17.563726,13.943359,11.916668,12.7534485,12.003312,12.2463,9.460922,8.954588,9.425101,10.464413,2808.1024649928045,827.4922228063062,5627.355415693203,1506.7709718631484,2520.0726293058283,407.29188183367825,0.50693864,0.1773263,0.19390595,0.29138678,0.22730428,0.3451311,0.17874528,0.23071128,0.29524055,0.2368449,0.32795933,0.28647804,0.39386532,0.18183154,0.24266793,0.3207237,0.23461372,0.36671543,0.19532573,0.2559601,0.32902145,0.25726277,0.3534608,0.25151822,-0.08981396826654561,0.09667347527236368,-0.013260213678432026,0.0635381605193301,-0.01903338712693549,0.01711440222743933,0.1097509668479482,0.11038354072915219,0.12749641772516387,0.14955385016520104,0.049760082868915784,0.05472086736723769,0.1974989388640585,0.12496163648444632,0.06621317,0.069407664,0.08036184,0.055844486
westAfrica_afrobeat_ebo_taylor_love_and_death.wav,afrobeat,-45.445866,80.00363,9.18826,31.239073,5.476129,25.18962,-0.581392,-0.108021796,-4.0307493,1.7216212,1.1023134,5.7077284,-0.6321735,51.805847,22.931787,18.555733,11.923338,11.632902,10.506397,11.793703,8.819726,7.6385627,8.058699,7.2993,7.1247153,7.5270844,2425.1155134091596,716.0017489790082,5446.534254624557,1319.3843251963617,2640.1209723804895,353.3670076050183,0.32615617,0.2369259,0.31999177,0.3573522,0.5136545,0.46235675,0.4660897,0.5411242,0.34610525,0.26002002,0.200763,0.31818563,0.3231472,0.20479566,0.29406354,0.25174364,0.35729948,0.3423049,0.2754911,0.355854,0.2644055,0.2756516,0.21263236,0.29713663,0.09082318857019142,0.018735888061375154,0.03269539185897873,0.10291908902092498,0.018194436303187213,-0.02259281864327468,0.10230779118934903,0.1087941882903263,0.15350900805005613,0.1298422715598854,0.0667186299761879,0.04489355766468861,0.16308043909261086,0.10024187993098625,0.057334572,0.055189285,0.09767108,0.055708975
westAfrica_afrobeat_antibalas_dirty_money.wav,afrobeat,-150.16257,98.42353,-4.110133,20.215313,-3.6541348,10.718441,-1.1344806,5.0291677,-5.974711,-0.7794593,-1.6716547,4.8306913,-1.8625736,80.803375,28.661274,21.482794,12.689587,10.01342,9.826602,10.916052,7.7494087,8.053384,8.982046,7.718143,7.6221504,8.233427,2239.749693433999,666.3020973541543,4807.010120810781,1472.3948522620453,2397.386049908209,416.7671370508512,0.2119487,0.33124277,0.5423526,0.4232088,0.3996821,0.41903818,0.4585701,0.18669933,0.23384732,0.19100921,0.21720304,0.31987202,0.21407308,0.26692602,0.36358723,0.29771823,0.31659138,0.3198811,0.35580772,0.16556157,0.26198196,0.2111782,0.23548025,0.32797062,0.06417107438329318,-0.0728778126237067,0.04607435653495023,-0.046811658350631384,-0.03214032757366128,0.008951923886289901,0.0861562355373931,0.07357101898683915,0.0823454600684625,0.14231800234255093,0.040345879936660285,0.048359872982994295,0.1339769153050267,0.06783187318818716,0.043418653,0.049237274,0.035181973,0.019705158
brazil_samba_bezerra_da_silva_malandragem_dá_um_tempo.wav,samba,1.5020136,67.00028,0.769005,15.556663,8.414456,5.8941665,-1.9725741,0.4479581,-6.736177,2.0177813,-1.3195503,0.028360998,-1.5452266,56.608864,24.291965,21.757803,14.974984,14.0008955,9.207034,10.910704,8.270993,8.537653,8.457263,8.648329,7.7200856,7.633617,3014.365409216623,826.9515406918858,6523.160663690649,1564.044437913362,2885.0309282877847,405.14497373485176,0.31439036,0.38036188,0.48186722,0.5738632,0.5293432,0.2743931,0.21955532,0.23304045,0.37937754,0.34640458,0.24569653,0.31237897,0.23455994,0.29058114,0.33500195,0.35456648,0.32521933,0.20678739,0.25653508,0.22938658,0.33257657,0.3076237,0.21418408,0.2702883,0.043086526577692276,-0.07160115553748359,-0.049420394637121355,-0.03205659386983236,-0.0015300109271665558,-0.03774235402873683,0.08679917173352496,0.07704128843398222,0.1369762006215542,0.1275238981717065,0.0511675608519906,0.045869647355764286,0.2121132522274785,0.11036928260541282,0.08973179,0.0794615,0.11724228,0.050351836
brazil_samba_reinaldo_retrato_cantado_de_um_amor.wav,samba,-124.1445,74.420654,20.63576,20.465427,5.965038,-0.07913577,-5.8056083,-0.5071793,-8.524936,-2.9536433,-2.8510706,-1.7316676,-1.7906259,68.83098,27.30406,20.73597,14.591386,15.276398,10.103044,10.583757,9.383491,10.362517,9.359254,9.046856,8.407469,7.9925475,2737.047699636351,925.9529784932715,6334.238928588272,1718.6731471460387,2907.066200938243,477.84734460416166,0.13591489,0.26063132,0.34073582,0.24129851,0.3481601,0.33509892,0.3649045,0.38979295,0.37809005,0.39677352,0.2402348,0.15604869,0.19154856,0.28065842,0.3656301,0.2693044,0.35081434,0.31889704,0.32241088,0.34471908,0.33427307,0.34917143,0.26453272,0.21478257,-0.001098459829099767,-0.021682132591073117,0.014860833939538744,0.05995156141987491,-0.01297562854226347,-0.0031063945690765825,0.1228070248836066,0.09697529726548834,0.13687021412861214,0.16931306063686397,0.05683969609705008,0.05675760649725165,0.20273353606773856,0.11562809343211376,0.078612044,0.10570715,0.03970578,0.023265209
brazil_samba_martinho_da_vila_canta_canta_minha_gente.wav,samba,-105.03193,63.915703,21.015738,5.286017,10.493268,8.79051,-2.345488,2.975805,-7.021945,4.528707,-0.4251744,5.8501015,-1.1280024,111.71019,35.271862,25.918837,19.539528,16.915173,11.587887,16.471788,11.242146,10.932733,11.598192,10.494093,9.298983,8.957693,3337.906326665094,1324.6568844487929,7132.042349634603,2041.7314473819047,3039.3856609347226,583.6227124220064,0.17715813,0.28510693,0.31370342,0.29638463,0.38906196,0.28466898,0.36019135,0.3630481,0.41964182,0.460669,0.32488587,0.26229128,0.20817897,0.31379667,0.33422244,0.26974854,0.34497404,0.23055393,0.34939197,0.34690517,0.30711433,0.34619424,0.29211083,0.2898078,0.07189869834960604,0.013432674531737465,0.03598647806624837,-0.03075660278223552,0.033701260781294234,-0.013082209030545468,0.08908204364487232,0.09066030828403435,0.17275488070788148,0.12286249884585543,0.062046734012424117,0.04164492449981072,0.23230570835836586,0.14905937249987705,0.06716631,0.11979614,0.0851917,0.056105956
brazil_samba_jorge_aragão_coisa_de_pele.wav,samba,-140.86342,119.36169,14.617707,26.610718,11.666582,7.1117864,1.1538769,1.2507784,-4.0139666,-0.29335523,-0.674173,0.7730789,-5.9234996,54.014343,24.20193,18.38319,11.225914,11.703254,9.735931,8.069943,8.060352,8.345958,8.119464,8.267063,7.621954,7.360293,1611.368135668853,510.9780628563483,3487.972690147398,1332.6868295903892,2270.4613538956382,375.75567843387034,0.4965946,0.39945754,0.41809374,0.36964852,0.3582149,0.37373343,0.27859044,0.29869375,0.28370672,0.36737314,0.39041963,0.3977223,0.35917622,0.30451468,0.33239117,0.28817457,0.28709504,0.32654962,0.24727215,0.28682622,0.25031585,0.29302254,0.2887253,0.30679268,0.04560434509093909,0.0694118932291838,0.004659010036514039,0.04048384333803246,-0.013187691094418714,-0.0005114963479677825,0.12352912024064525,0.12610822815833153,0.1557001727960964,0.14978464364345742,0.06161943608898,0.04952555668466937,0.09607219851041908,0.06806144810526805,0.023996864,0.053238288,0.044505537,0.023921553
brazil_samba_monarco_tudo_menos_amor.wav,samba,-213.5009,109.60411,-7.085326,23.071333,5.3228416,3.9802737,-4.0836587,2.9073696,-7.44228,4.9906178,-1.9679241,-2.9208527,-4.133969,88.91431,26.375614,16.656477,15.495989,13.278504,11.469555,10.739959,9.608847,10.184127,8.768966,9.083745,8.542581,7.8607206,1882.0559752449774,591.31253356605,3962.059911286849,1429.2670271739676,2208.9786861056364,480.3999833433814,0.25005606,0.20930643,0.28640196,0.26760337,0.27911386,0.24849649,0.46679822,0.5701292,0.37708727,0.430558,0.3038658,0.30675808,0.24759941,0.20788014,0.29524407,0.25560796,0.2865843,0.22854951,0.32192853,0.35636538,0.27615145,0.35557917,0.2645787,0.28043824,0.09842722230352709,0.0038847026359633283,-0.039323828681579485,0.028950587609109797,-0.007012248161663359,0.03777518377184396,0.07970006857925052,0.0737397491709266,0.13870537283017254,0.10228285577318988,0.036871314545478644,0.04797562800549547,0.12476429234196869,0.07970539223962715,0.040429782,0.12417157,0.022109464,0.013270161
brazil_samba_demônios_da_garoa_trem_das_onze.wav,samba,-79.12774,84.72712,3.4721255,16.084333,6.968923,8.454375,7.329549,1.7507439,-11.111891,6.4496956,-1.0253234,-5.0549016,-4.088515,87.1544,22.531284,21.747154,13.211396,13.740075,10.2057295,9.064308,8.147689,8.690286,9.013652,7.296697,6.62007,7.0091767,2435.3563149916945,703.6509072782135,5495.805837013884,1734.355662766558,2660.9891523491146,538.409893616977,0.14151646,0.180499,0.28624085,0.31136566,0.53111887,0.52584386,0.43305343,0.45068398,0.3792529,0.42850652,0.19588786,0.12792788,0.19507524,0.19663543,0.26827574,0.24102363,0.35674345,0.36377054,0.3308768,0.33906597,0.26169538,0.3436152,0.1896563,0.16874132,0.08197166666791834,0.024509806862994376,-0.11190815140242485,-0.03798688472311162,-0.02369449396133037,0.00716597530048933,0.15109130267224952,0.13649276577315528,0.1604560396147853,0.1623921968283457,0.06730158865348022,0.059723224685595024,0.18500289523340538,0.0931270784910512,0.07555523,0.13222758,0.05312824,0.035157524
brazil_samba_arlindo_cruz_o_show_tem_que_continuar.wav,samba,-24.090368,85.97053,7.4039106,3.5457711,-10.298804,-7.0784082,-8.260552,-3.3536046,-8.408789,0.79775405,-6.4036665,-4.6585517,-10.285585,57.542118,21.226423,22.787676,14.191121,13.307952,10.139452,10.916376,8.75582,8.930142,8.471997,8.143271,7.321451,7.8029227,2620.422036834376,642.234050022405,6067.754915802944,1553.6773738410054,2815.4428348693946,425.5729463013856,0.2684497,0.21539663,0.35360345,0.3219127,0.44620216,0.2827751,0.24539265,0.37643677,0.26919693,0.30948684,0.25376478,0.33918163,0.28040078,0.22060443,0.33519796,0.26282975,0.36220542,0.27675954,0.2421374,0.3465816,0.25226676,0.31668222,0.23550859,0.32716927,0.07601732336218847,0.009889546028168886,-0.0035214066839087525,0.04156115996976306,-0.0011236902021501904,-0.023801386492284214,0.12484229440288204,0.11323530349605408,0.13604759237913797,0.13440153364825727,0.05308523415548478,0.05908484098715183,0.17217338779893196,0.07650869213417742,0.060831822,0.064133875,0.08808201,0.037065662
brazil_samba_nelson_sargento_agoniza_mas_não_morre.wav,samba,-110.39997,82.08725,-6.025972,10.133299,4.294498,3.1047459,-0.69318867,3.254722,-0.2383694,3.4761667,3.844619,0.32184285,-4.2236314,113.228676,25.830778,23.027285,16.62326,13.184954,11.457649,11.790421,8.729318,9.572657,9.317255,8.895788,7.193755,7.8057795,2526.0252799304258,732.7552969144405,5493.2523689617365,1841.274505800662,2669.431139700534,508.0787637801921,0.24546412,0.37501988,0.4795719,0.5244486,0.4734585,0.38147998,0.41823107,0.27997386,0.25899053,0.2638927,0.18270467,0.22719105,0.2087907,0.29164916,0.3742008,0.37144965,0.32292306,0.27991566,0.33940953,0.2890391,0.2805594,0.31819054,0.2000718,0.2299151,0.08027761936787106,0.022824306976892344,0.03232625484760164,-0.14142705351473464,-0.0470169553047118,0.005098762369759229,0.1063693058750828,0.09797968983514047,0.11137927518580817,0.15639860589898258,0.0639087015175982,0.05216551310858575,0.1951881848665417,0.08560133015503694,0.07256183,0.064971,0.04502688,0.029108854
brazil_samba_xande_de_pilares_clareou.wav,samba,-67.39243,91.24261,13.469645,10.717871,4.5535145,4.2942095,-5.682138,-1.7825336,-7.0911865,-2.516888,-2.6220903,0.83004856,-3.4519649,63.437103,20.70283,19.343458,16.191515,13.899914,9.995171,11.951151,9.079567,8.092918,8.46749,8.56465,7.8394837,7.721397,2398.4621467346346,681.5235430879075,5598.462826684758,1711.4234754825297,2754.181030587344,432.54948840806014,0.3103177,0.26814532,0.48185083,0.35184187,0.21084335,0.25053307,0.22036226,0.3289883,0.25477976,0.3621788,0.3570433,0.24089064,0.33963132,0.23495133,0.36737624,0.30931926,0.23950002,0.31488,0.21250401,0.32879427,0.25710633,0.32801,0.30808458,0.23750961,0.023032633094244158,0.15158310658242952,-0.02417363401169192,0.02795838769767957,-0.018567814674992203,0.04102431420150312,0.13669043498623024,0.11226980786231522,0.13970572343399706,0.2021691889536576,0.05427361306014266,0.07430803295497988,0.16382674869761435,0.08670710562389419,0.052572735,0.05218523,0.06972101,0.04520118
brazil_samba_fundo_de_quintal_o_show_tem_que_continuar.wav,samba,-27.106234,74.199844,9.04473,22.731108,3.5515711,11.026587,-5.4254394,6.845982,-8.589207,4.199237,0.08568609,4.250801,-1.8127977,55.78491,23.235125,19.586626,15.861903,13.218384,8.936244,9.992098,8.633978,8.639167,7.644248,8.993537,7.293958,7.049244,2791.626336599241,722.334647242255,6197.606580108508,1179.7778515947737,2778.600707239173,308.80999434870125,0.2864972,0.25059977,0.35232425,0.3927304,0.5944078,0.36812463,0.295155,0.35862342,0.23981,0.22916731,0.21830921,0.29644778,0.29127944,0.24020018,0.34004378,0.26905698,0.36129907,0.29373407,0.2641422,0.33926353,0.23491177,0.26677498,0.22740325,0.26356953,0.09185062187821101,0.058751922847114474,0.02069678577192857,0.0105663222270607,-0.003826305903840639,-0.02303242873391686,0.09917148204034065,0.0977581859379115,0.12976469901096038,0.16340874791699622,0.058443771060761034,0.05265707114416039,0.1965025367497678,0.10075455115329661,0.06669524,0.05465766,0.088197485,0.04682125
brazil_samba_velha_guarda_da_portela_portela_na_avenida.wav,samba,-164.59694,98.63186,-3.4749708,0.27064657,-2.1083255,5.3818994,-2.473243,4.492218,-8.937056,9.000178,-4.5909405,1.4972719,-5.046862,59.24531,22.467182,21.712217,14.492701,12.238561,9.992744,9.516354,7.849122,8.71879,10.013685,8.50773,7.712485,7.543092,2326.4393883005655,724.9385913218546,5140.089826404509,1667.761866879195,2553.2704659976407,442.30757266794114,0.2909924,0.3452203,0.39569786,0.27177846,0.4019323,0.37892413,0.23315972,0.26982453,0.25347805,0.3562773,0.26375812,0.2362496,0.2960372,0.31893182,0.34327066,0.24133518,0.35589144,0.33561334,0.2282577,0.31343058,0.25290996,0.35136682,0.26616997,0.25198424,0.014157681440268468,-0.02155895680259932,-0.09531106019115014,0.037661659723527405,0.02250334502605137,-0.043656378827437885,0.08564457799525131,0.07981593161220983,0.10736606877953819,0.13429346104816736,0.04234873046143915,0.04646518439937841,0.15872212930984445,0.0978245608408286,0.046165697,0.04289377,0.024189321,0.01150565
brazil_samba_clara_nunes_o_mar_serenou.wav,samba,-225.15703,92.09904,23.754223,25.112293,14.623511,2.6908448,1.6081989,7.3301454,-1.7035291,7.4768295,-6.2597437,4.474558,-6.0658803,103.151115,31.708714,25.192123,16.882788,15.759089,12.359607,11.075957,8.674634,9.205986,10.577908,9.887065,8.994408,8.684553,2229.7676867862133,1127.8802641421898,5013.161879319411,2237.9573873043087,2646.5173339955654,582.3568917272393,0.28652588,0.40411755,0.52248514,0.35881722,0.24777414,0.2128634,0.32892936,0.31634277,0.2875647,0.30265656,0.23839827,0.2743461,0.2575907,0.3246123,0.408807,0.28760874,0.25106382,0.2396894,0.35842603,0.33687362,0.3068885,0.33470505,0.24598038,0.29394224,0.1005520106600982,0.010569926391372908,-0.008754168303322696,-0.11472199397938172,-0.015924839716111857,-0.017040517784662722,0.08637237417708078,0.09120039218182624,0.1485591862324489,0.14734829962816084,0.05466622246479615,0.0632050794695004,0.15903372292990212,0.1387368059720354,0.029967288,0.03722721,0.02531419,0.016547346
brazil_samba_nelson_cavaquinho_a_flor_e_o_espinho.wav,samba,-134.28955,86.763596,9.73336,22.1031,5.956711,6.3360095,-0.9777366,3.6576674,-9.74587,8.021828,-9.9464655,0.15150605,-5.4129424,85.60903,23.221836,18.992674,15.201627,12.421227,9.690926,8.771021,7.680451,8.3985815,8.50896,8.179972,8.322457,7.583044,2387.6335689562347,604.5889373614486,5493.436384187437,1494.4321298147697,2653.0393388164734,389.08678944203365,0.24007624,0.21655339,0.33790222,0.23756976,0.31812125,0.3548606,0.33405367,0.39078528,0.27074236,0.41765216,0.28958693,0.22943823,0.2944079,0.22572263,0.33275664,0.23009811,0.30102924,0.309125,0.31474105,0.36406514,0.23230232,0.36042118,0.2813726,0.271994,0.05651280140847922,0.06673187868748377,-0.0030976750265413852,-0.04342547001585995,0.007504785244667208,0.010438051355861611,0.10982889078352907,0.09579687452763151,0.13758278616813355,0.1238256774558551,0.04864337374337932,0.05422492715333301,0.15774237316674994,0.08823410459699776,0.04772048,0.064691715,0.043949965,0.031836607
brazil_samba_dona_ivone_lara_sonho_meu.wav,samba,-146.84065,87.85015,29.720818,28.439785,14.585939,8.972009,-0.78317106,3.8065531,-8.7561035,3.4205713,1.7735445,0.25583228,2.593309,72.018265,28.8247,24.23068,16.338423,14.300126,11.263463,10.995215,8.967407,10.333074,9.746351,9.464366,8.897658,8.906908,2272.8389380495055,913.3961104948373,5319.759833533166,2075.6615051208155,2722.372655095961,533.0966248320909,0.3713264,0.27316627,0.32096943,0.25609532,0.29355726,0.3513389,0.28552064,0.3172839,0.2546174,0.33697158,0.31950465,0.26185352,0.3757246,0.27341896,0.36036456,0.27307457,0.2931102,0.33702725,0.27638036,0.34343973,0.25335497,0.32550845,0.31265107,0.24606925,0.066796226005997,0.10419333714918763,-0.05981252730674026,0.005038607873572039,0.009591292153845566,0.00014066795126781238,0.1186779211910099,0.13291372856326247,0.1672700737852282,0.16532884853114208,0.07192931009315122,0.06908919429366393,0.1542111678662642,0.10699174885040096,0.044311367,0.06194628,0.048926484,0.03756562
brazil_samba_paulinho_da_viola_dança_da_solidão.wav,samba,-170.90819,97.555855,39.44797,30.000254,19.329153,8.62997,2.9952254,1.5002362,-5.706954,-0.89293283,-0.8580717,-2.61844,-5.6876354,108.901,38.95094,23.534763,14.886323,13.17655,9.793802,10.73304,8.433495,9.915962,8.76682,7.927051,7.2322435,7.118037,1927.9583286103928,1146.1947707963373,4443.095307302947,2778.399630894453,2535.3884695461293,783.5890672484865,0.30441967,0.3419123,0.35589978,0.3511904,0.35270083,0.20191447,0.1510864,0.24976772,0.41904023,0.42179874,0.32522804,0.30936188,0.33705208,0.35424697,0.353088,0.309075,0.36365637,0.23654264,0.19442825,0.2710179,0.34588194,0.3522072,0.29634914,0.33105385,0.10860451488746288,0.030413705889606565,-0.05322006067530862,0.09071406764481797,-0.00320869205410644,0.012042506469859516,0.11196380637264836,0.101834549536197,0.16074472870315515,0.15332368553468165,0.06106313292020236,0.0663048015800323,0.13565426061649133,0.12353930220139685,0.058109384,0.13926247,0.06123264,0.051541302
brazil_samba_beth_carvalho_coisinha_do_pai.wav,samba,-107.589584,79.55149,-5.4442725,10.212538,2.123557,2.8113823,-0.2737226,4.177451,-4.048574,-0.4653234,-2.5643935,2.6621678,-3.629602,103.32069,24.144243,20.35997,15.965284,13.473654,9.838687,9.8378105,9.05853,8.9645405,7.817866,7.5064826,8.214772,8.988271,2593.1903031800734,619.3656513223424,5718.490021825232,1391.2650351854297,2695.991551559612,363.1718177248332,0.36703816,0.41705763,0.5476584,0.43935263,0.2679846,0.23059468,0.26751184,0.35954833,0.18883608,0.20817173,0.23782039,0.24534519,0.3460187,0.30146968,0.36444947,0.35971063,0.24130787,0.2667599,0.26583877,0.3658978,0.19545771,0.24164295,0.26976284,0.22808018,0.035250142348000786,0.06888848738387061,0.038087373018244615,-0.07267569187909952,-0.01437856333789732,-0.011700723050165238,0.09022876292673294,0.07152832442844165,0.10517956606503935,0.12472709369855058,0.04556452546814768,0.04646155470150662,0.1775175483161911,0.07997391962164084,0.065493196,0.06508586,0.05330526,0.038135134
brazil_samba_jovelina_pérola_negra_feirinha_da_pavuna.wav,samba,-135.74689,54.507034,14.540558,16.108686,7.5709496,5.432499,-2.7450256,-0.48930714,-7.7909923,2.975069,2.5871677,-0.13431692,-3.7685387,111.00003,17.67362,21.278072,13.394524,13.107268,9.831762,10.332337,7.975637,8.516741,8.223209,8.35238,7.6026764,7.0153413,3233.1719511881233,860.0070774060631,7082.157767220332,1702.341169722291,3006.1595727421095,662.0232026331447,0.24165744,0.3122841,0.5450902,0.3694982,0.3262344,0.28307602,0.3748501,0.34614533,0.3592138,0.38685825,0.19434087,0.22585018,0.26668873,0.2502041,0.38963643,0.2964744,0.31250626,0.24976088,0.31989193,0.30898437,0.3139936,0.34488866,0.18813282,0.26001385,0.07861758008233419,0.044001433295804984,0.006485107355630184,-0.06051374835509097,-0.04503694755930405,0.012376007040420803,0.08136761570933537,0.07122029178415237,0.11350346067245906,0.11588382733429094,0.045235416072833885,0.04168784851007552,0.23837324912569655,0.10598182162515142,0.12656057,0.18140681,0.037741628,0.022422386
brazil_samba_adoniran_barbosa_saudosa_maloca.wav,samba,-177.33069,86.010735,17.27016,11.723249,10.27779,13.5558,3.6429613,6.351756,-4.6169972,-1.8515292,-2.1154788,0.78589886,-3.1052723,98.88727,28.333364,19.602049,14.504891,15.574112,9.2876835,12.138622,8.393377,9.357397,9.750664,9.991878,8.363301,7.609969,2388.8791250990575,848.8928672744333,5644.932199255245,1890.0526314096644,2761.9931990745295,501.03713735937816,0.20117475,0.12446937,0.15361041,0.21743722,0.39164788,0.38445947,0.4045008,0.44138944,0.4278305,0.42728052,0.19594963,0.21807177,0.2680013,0.18407707,0.24665384,0.22737788,0.3204272,0.3476311,0.38139242,0.39785433,0.2992737,0.35788724,0.22157095,0.2932425,0.05908587565242833,-0.11028885847455916,-0.037836891271106225,-0.08919697054404661,-0.015622985547629514,0.06307238093930714,0.10614471680587977,0.15853590978431142,0.13844938446398697,0.21262737971315027,0.054445326738915986,0.08199368874537935,0.16260029733855105,0.10634675155399108,0.060982354,0.11019402,0.032857344,0.024473313
brazil_samba_cartola_as_rosas_não_falam.wav,samba,-130.81761,76.65365,-35.870396,30.504549,-9.3776045,5.2012806,-13.720067,0.044258527,-16.060818,-7.0880275,-11.690374,-2.1315176,-10.809784,81.48022,42.742123,20.85446,16.986267,13.535403,11.018577,10.0674095,8.599267,9.248916,8.994845,9.51826,8.408988,8.576566,2529.2977021503993,929.481963452113,4682.429103744763,1662.7272098252802,2091.454671598809,498.01217308443694,0.16184324,0.18870093,0.2632262,0.21827874,0.36677217,0.27940366,0.19958945,0.28474444,0.2723439,0.37461907,0.17712997,0.14123736,0.24495135,0.23496838,0.32232314,0.2533449,0.3598334,0.32715252,0.23213693,0.34394,0.2716736,0.37395766,0.22458243,0.20520039,0.14338931959583107,0.06066758612165358,-0.07217127388830365,0.032268106007200016,0.0036148838607885704,-0.00967445506260074,0.18811585718237872,0.19154766492219646,0.2262544799054411,0.19714531574683677,0.09290522073392878,0.08608822234486485,0.20245492848413807,0.09456874644970929,0.07511392,0.12461344,0.042657714,0.029270934
brazil_samba_alcione_você_me_vira_a_cabeça.wav,samba,-132.54227,118.879364,24.220034,33.15448,13.468325,6.359102,5.326859,3.4467926,-6.500958,0.6727295,-5.7478423,-5.6008844,-5.4475913,79.50719,33.667843,24.892637,17.681644,14.373392,12.624721,11.604678,8.860772,11.688242,10.023065,8.530421,8.812803,8.52128,1684.032611519697,885.9073081315195,3536.408648325945,2083.9274920519824,2223.8789198756062,617.4630529286261,0.29300585,0.47268504,0.35141775,0.21462293,0.27827767,0.26489377,0.35951006,0.23720941,0.3757542,0.43997183,0.24224067,0.29263496,0.22918336,0.3521441,0.30587068,0.18348278,0.30514154,0.24675873,0.34108034,0.21985695,0.31402963,0.34434393,0.20827147,0.32732797,0.07384292001039577,-0.26664978814182405,-0.13971662217687844,-0.08206867640925111,-0.016076919456414367,0.0025630585976741246,0.2235796622158214,0.19425643969749562,0.2078352135688874,0.2361751803296353,0.10566001470549123,0.1054779260982392,0.1245630183240945,0.11156420203053821,0.024977708,0.041254263,0.050953273,0.041842733
brazil_samba_roberto_ribeiro_acreditar.wav,samba,-127.21768,107.63127,-2.2112017,31.430313,6.496006,5.9122977,1.8388661,5.428369,-8.543837,6.6092744,-1.710942,5.1186833,0.9843368,74.760376,28.621677,25.076462,16.617838,14.796467,11.734666,12.481912,9.807239,10.632756,9.992612,10.370297,8.900415,8.15364,1872.1568485267958,729.0612160417983,4059.5062475512245,1838.155911563033,2223.816911617869,547.8312867833108,0.39433816,0.30064437,0.3494681,0.37598908,0.49830508,0.27509463,0.22568995,0.32005236,0.2769106,0.3147058,0.30185893,0.42259246,0.36849517,0.29075933,0.32817787,0.27486375,0.37104893,0.26334277,0.24145886,0.3363271,0.2513058,0.31230995,0.2583923,0.35230157,0.03748616328625084,0.040427237446351856,-0.06889432756498846,0.16493295356305798,0.033204282281826196,0.017766089225179832,0.09781979684031578,0.09616856826809893,0.14554388103503202,0.14663152661439796,0.054508721107914423,0.05849236146374902,0.13149067152672975,0.08240974733916609,0.032504104,0.048435755,0.060852233,0.043614905
brazil_samba_noite_ilustrada_volta_por_cima.wav,samba,-146.93689,94.015884,-7.1840997,18.216404,3.6268954,2.3057668,-5.488588,4.698076,-8.178736,-0.84753,-2.912363,3.232027,-0.75396186,67.28934,22.711525,18.578959,14.149879,14.031629,9.014127,10.955886,9.076965,8.929367,8.012685,9.380124,7.701283,6.8389196,2297.256897328049,610.9948503413631,4845.4369348016335,1359.0635151428366,2466.8600385649806,358.18372955657367,0.3782022,0.3793254,0.29889095,0.33516547,0.3013099,0.4432481,0.33555195,0.20399004,0.22282448,0.25257614,0.44911456,0.37248993,0.3230938,0.3131919,0.28217718,0.33301347,0.25862676,0.35319275,0.28274474,0.22256142,0.27151608,0.25083926,0.36624727,0.2853687,-0.11350791035878777,0.0614782128282204,0.0072624155739940245,-0.07616877649420198,-0.01884405888055508,0.014490191338802546,0.09972608754536019,0.13447765660101085,0.14074095817560964,0.1453033669593312,0.05106435723061091,0.05068398920604028,0.1606362381288085,0.08235917683207124,0.042556476,0.060379162,0.028550465,0.014144672
brazil_samba_mariene_de_castro_abre_caminho.wav,samba,-27.669378,85.97555,-9.236094,23.69186,2.8936305,2.4881709,-3.9462416,-7.0885315,-9.33297,0.8781343,-4.802951,-3.142017,-7.1107993,77.435295,23.34476,21.202396,14.072046,10.498221,10.461689,12.240816,10.357291,9.750649,9.621129,8.4798,8.342287,7.904202,2321.9361029550996,603.3228588251795,4799.038329457504,1340.4756355549846,2441.1184656031332,391.2305038077329,0.25745004,0.26115146,0.38223302,0.27993822,0.23612715,0.19592482,0.4203431,0.42213035,0.21785507,0.22019525,0.2244867,0.27313468,0.29616025,0.27363783,0.36208078,0.2896977,0.2931151,0.20121601,0.37437683,0.36058423,0.23540129,0.27958474,0.23398387,0.28839278,0.15145048701963199,-0.0011255278962864052,0.00624017263299268,-0.1471628387416745,-0.0035315776346452744,-0.026735392900446613,0.10365807287021146,0.11949146615835064,0.18514046130755316,0.15819101015734618,0.06554268088686527,0.06718766921256655,0.17004434428337972,0.08000731119282718,0.051923,0.052898545,0.09268977,0.056289308
brazil_samba_moacyr_luz_saudades_da_guanabara.wav,samba,-38.211357,68.09761,2.8840573,28.804062,13.213886,10.0033865,2.9856412,2.1278098,-2.8257473,0.49701437,-2.5655777,4.438778,2.229019,68.31872,30.245792,24.089334,16.42249,14.09976,11.17135,11.220341,8.417968,8.192577,9.737792,9.233362,7.193573,7.617941,2906.407575350336,887.6171550051812,6138.48026400518,1761.090865536759,2778.4528716712066,478.0197254937378,0.42444447,0.28770167,0.26660687,0.29103357,0.3869545,0.2136467,0.2655859,0.3881088,0.38021067,0.4195273,0.33426735,0.43889204,0.35480165,0.26606312,0.263522,0.25047666,0.3269113,0.22893494,0.24779728,0.3287395,0.29189652,0.3453645,0.26423034,0.3279338,0.09567970770276961,0.0430802625373324,0.024857841712117912,0.14653897618278913,-0.013415443085747124,0.033193745543936594,0.0867502150323564,0.1152954880296485,0.12423915704680537,0.1412380666412464,0.04447193018972873,0.05708501736603946,0.2192877669165022,0.10234610204421703,0.08874676,0.08166312,0.0825589,0.04782908
brazil_samba_joão_gilberto_desafinado.wav,samba,-232.13103,102.97562,30.560421,36.93139,8.947999,10.991865,2.2947114,6.2648063,-4.846157,-5.217349,-3.6352453,-1.7525241,-7.2283983,73.27361,32.64565,28.5724,15.103499,12.289191,12.407979,10.15738,9.426847,8.030096,8.348322,7.485403,6.9424014,6.9537816,1696.4301466791824,862.3362436356892,3656.5598721013757,2043.6209169928527,2291.691048696954,508.8107688033476,0.30478317,0.28895432,0.3236381,0.35843408,0.28634283,0.28036907,0.20710012,0.21285501,0.2297043,0.2211451,0.26023543,0.2636617,0.34256858,0.3056081,0.33021593,0.36203635,0.29320693,0.35010204,0.26391312,0.28909412,0.29639378,0.2711594,0.3229593,0.32434213,-0.04962899505136874,0.07776524511215002,0.026350305987035527,-0.0399993826913697,-0.021307269836842124,-0.014110783055037695,0.22297340531988738,0.20897193726957364,0.25709303541698414,0.22737168410354341,0.10846934814373241,0.09544218147480817,0.12650735720919434,0.10275042519838726,0.033941045,0.04757614,0.018087754,0.011818847
brazil_samba_zeca_pagodinho_deixa_a_vida_me_levar.wav,samba,-156.53546,98.95824,19.788998,10.226664,14.574399,7.539522,-2.3446062,-6.808839,-2.2637913,1.3399038,-1.6474626,3.138196,0.43048367,66.27696,20.257355,23.408682,13.951817,14.507204,8.708746,10.513011,9.54708,8.829724,8.740625,9.093946,8.022471,8.006491,2183.909238809554,624.8023341511554,5250.445617576584,1831.787431062636,2751.833061074795,452.85129998088803,0.3044954,0.34999424,0.24937761,0.2958054,0.33626068,0.21592255,0.31410587,0.29626334,0.35063493,0.34100038,0.3554433,0.415061,0.31499708,0.37333146,0.26758978,0.28816637,0.34532723,0.19805574,0.3350511,0.27406213,0.31378105,0.29376072,0.29919186,0.35628322,0.018061497524239273,-0.04058388000208969,0.026828790209970293,0.0547650044090157,0.015323158656064725,0.014833686991759333,0.08682046823063914,0.09662363126993531,0.1253556644962172,0.12822911780460736,0.04256904676807373,0.05155147556311291,0.1301294472479394,0.07694921751739844,0.03788796,0.040690474,0.03838329,0.022036532
brazil_samba_wilson_moreira_senhora_liberdade.wav,samba,-111.43767,80.511215,29.317924,29.4154,8.479306,10.90374,2.796216,-1.2726345,-9.871823,0.44014752,0.17723513,3.755524,-3.3327165,79.9053,27.444221,18.292812,14.440218,14.870178,10.954951,10.695373,10.794797,10.079322,9.216685,9.850755,9.054147,7.954632,2474.5175936082987,901.3133247160744,5792.4778867659115,1893.3944508743452,2824.5940477934164,468.3726288421421,0.35113418,0.35193563,0.31718522,0.28962865,0.38622266,0.27285838,0.2763843,0.27421653,0.3201122,0.3480662,0.29272756,0.41072837,0.3208063,0.3376835,0.3371954,0.26445878,0.34538406,0.26703608,0.30510485,0.289534,0.29384118,0.3436029,0.25209314,0.35174662,0.11057670623115821,-0.14556432219212917,-0.07831074832479164,0.007748496356727383,0.007601981259829483,0.013237607689943146,0.18727369953170256,0.21264603887398306,0.19654390483774192,0.20514197180106403,0.078440668379807,0.09828839782730593,0.1784076181398015,0.11306877333150177,0.068905145,0.07471285,0.05850782,0.049599774
brazil_samba_elza_soares_se_acaso_você_chegasse.wav,samba,-42.494076,76.462326,10.541206,17.166586,8.17132,3.1572702,2.2261038,-1.3495104,-7.1213193,3.0494149,-4.6102753,-1.8557624,-8.210876,81.409744,24.679987,25.452394,10.189229,9.939387,9.885471,9.342168,6.695342,8.360575,8.157976,7.4310308,8.135644,7.383149,2734.6673500915194,716.7500921437079,6280.385408358022,1793.290767819923,2868.5140920219774,547.3841636187535,0.26695836,0.19320741,0.31635374,0.23274733,0.29343158,0.3192301,0.2604536,0.42338052,0.3411537,0.45504233,0.31198746,0.21553867,0.3209778,0.20143911,0.3358581,0.22344777,0.29705787,0.33309552,0.23509033,0.3755723,0.26014057,0.36009887,0.28744888,0.2401242,0.05811735492408292,0.11928008680998284,-0.006926884874277495,0.018155892982945905,-0.009816327044314031,0.0022019638883251287,0.11289033851677198,0.11472551575171962,0.155164373201829,0.188113805656319,0.06117726258921621,0.06447590100147998,0.19831215815861442,0.08806093245862556,0.078369655,0.10551028,0.07790987,0.037105724
brazil_samba_grupo_revelação_velocidade_da_luz.wav,samba,-67.39243,91.24261,13.469645,10.717871,4.5535145,4.2942095,-5.682138,-1.7825336,-7.0911865,-2.516888,-2.6220903,0.83004856,-3.4519649,63.437103,20.70283,19.343458,16.191515,13.899914,9.995171,11.951151,9.079567,8.092918,8.46749,8.56465,7.8394837,7.721397,2398.4621467346346,681.5235430879075,5598.462826684758,1711.4234754825297,2754.181030587344,432.54948840806014,0.3103177,0.26814532,0.48185083,0.35184187,0.21084335,0.25053307,0.22036226,0.3289883,0.25477976,0.3621788,0.3570433,0.24089064,0.33963132,0.23495133,0.36737624,0.30931926,0.23950002,0.31488,0.21250401,0.32879427,0.25710633,0.32801,0.30808458,0.23750961,0.023032633094244158,0.15158310658242952,-0.02417363401169192,0.02795838769767957,-0.018567814674992203,0.04102431420150312,0.13669043498623024,0.11226980786231522,0.13970572343399706,0.2021691889536576,0.05427361306014266,0.07430803295497988,0.16382674869761435,0.08670710562389419,0.052572735,0.05218523,0.06972101,0.04520118
brazil_samba_toninho_geraes_mulheres.wav,samba,-85.019485,88.79138,13.808862,26.477095,7.328977,6.012913,-1.6956565,-2.3430865,-1.2143239,1.7114179,1.8382063,3.956609,-4.5692735,61.217068,22.421762,19.069736,13.558128,12.815504,9.133133,9.907567,8.025065,8.468695,8.85476,9.011343,9.085561,7.82608,2419.562191772049,673.8534750962796,5581.552987755217,1660.5006792180868,2730.837729570193,466.1777387660897,0.2567376,0.31617466,0.37196955,0.2752,0.38407683,0.34815812,0.19169457,0.27907574,0.3192052,0.525537,0.36417228,0.22172846,0.28876936,0.30200446,0.33654335,0.25155643,0.3295419,0.3303441,0.19348645,0.30697513,0.24867533,0.35043848,0.29624444,0.21956874,0.1128898216235768,0.05393848093000729,-0.16130368654253596,-0.004889520624705585,0.022177830175752776,0.0053333195203108304,0.1170847892029229,0.11088738306535938,0.13494979296349546,0.13611718943140472,0.07113057185291212,0.058140206935988224,0.16355568288179126,0.09782419255578592,0.050927725,0.059144918,0.061778773,0.042868875
brazil_samba_dicró_olha_a_barriga_dela.wav,samba,-101.61776,73.45198,-11.022852,31.710651,1.2858145,8.197407,0.82887053,0.42854884,-4.617244,2.7841244,-3.6885915,1.5629724,-3.3054,88.72323,22.82717,19.880692,20.193964,15.007095,10.865604,11.454601,9.4899645,10.1777315,9.3271055,9.9653425,8.028699,7.561236,2574.2324061789777,661.2696562059167,5217.406178248748,1253.4515884514947,2495.6411456513365,355.1214922055653,0.26220223,0.40150648,0.51271266,0.42569613,0.45575348,0.2999002,0.33412528,0.30414444,0.2447577,0.3213264,0.21747488,0.30071363,0.23659016,0.31331986,0.3821239,0.3141684,0.34027436,0.2448686,0.29951513,0.31563577,0.23978654,0.33045882,0.20689109,0.28415644,0.12816730413917735,0.0035022317879135115,-0.008326841791833921,-0.09750487056386044,-0.027076644009682523,-0.01660425400972788,0.10180655279207969,0.08842394870882231,0.10858135811269176,0.13838374403622306,0.058125078379644236,0.04555976044784716,0.18086853360141766,0.08554815720094572,0.05123862,0.069624,0.06127106,0.038594402
usa_jazz_bill_evans_waltz_for_debby.wav,jazz,-181.21262,120.96735,33.294647,6.589374,2.0814433,11.521311,-3.8073595,2.9748979,-5.6464562,-0.4792722,-5.9916325,-2.0762548,-4.77465,78.25295,42.113426,18.025726,14.458054,8.935123,10.5905,8.34594,8.309953,7.861587,7.653013,8.015229,7.5830135,7.3821006,1843.3674305972052,859.2158009893238,4118.142604540029,2445.306194449207,2408.3750269700517,635.1736799988334,0.29888433,0.27507505,0.3255439,0.23909332,0.3012662,0.36319837,0.18966615,0.23308058,0.2453564,0.41556504,0.32502875,0.24770093,0.3350841,0.27680057,0.33245778,0.24658765,0.31077304,0.34060353,0.18753976,0.29769677,0.23456883,0.36064267,0.30358458,0.26793194,0.14607621728045708,0.11267275546733128,-0.06928820246737646,0.026357265470124052,0.011163483923229555,-0.00731408365889474,0.1780718461741392,0.18612953219593584,0.19881471269991272,0.2027645541840243,0.08959351710424183,0.08657664587901262,0.12681968942274205,0.08544195903898488,0.046865165,0.061693676,0.029191867,0.024319056
usa_jazz_kamasi_washington_truth.wav,jazz,-126.929184,108.51701,9.599533,28.104294,0.042938307,4.3123846,-0.19892184,3.2081385,-1.9002479,-0.121087685,-0.469898,-0.9818726,-7.700744,64.071304,25.008549,13.217866,14.440031,8.977176,8.573173,8.6934595,7.2328033,6.6543574,6.9253025,6.957223,6.4577146,6.1307707,1875.7093401646212,540.2537889730056,4234.484146220905,1334.5706845633351,2339.781899375713,434.4073274309149,0.19967623,0.32105827,0.3591092,0.26228097,0.3810613,0.24919383,0.3689931,0.31711733,0.22142765,0.36696494,0.24501567,0.2916402,0.18928704,0.31504843,0.33380514,0.25817043,0.36604762,0.218207,0.3307608,0.33556923,0.1982659,0.36480197,0.2219764,0.31749263,0.19238076559325637,-0.09128914679594714,-0.02251436449682539,-0.061687169092186064,0.011402046245438767,-0.020074337494878695,0.12257309428496599,0.12323537287558035,0.15962237969631157,0.17147422211490151,0.06889778859929162,0.06514936730699343,0.11731124250856165,0.06565569545396231,0.04039216,0.045944918,0.043635573,0.03655173
usa_jazz_esperanza_spalding_i_know_you_know.wav,jazz,-146.98935,122.6569,19.858816,14.435187,7.4047337,3.7303119,4.4295073,-1.0437007,-1.4533368,4.4180746,-6.473572,-3.1739025,-4.011182,83.23834,32.07687,28.830801,15.840142,14.002193,14.450762,11.628338,11.779829,9.233822,8.837125,8.868438,8.540391,8.965547,1643.6960079422568,715.9289430973618,3501.662797752931,1953.4119784448103,2237.417863739877,630.808139551984,0.27119297,0.30873123,0.40020898,0.35297436,0.3779949,0.4285579,0.283467,0.3214176,0.2704694,0.25070336,0.21798211,0.19842216,0.3045097,0.28757772,0.34733227,0.32180113,0.32936913,0.3716954,0.25681996,0.31761962,0.27481487,0.27956083,0.25463253,0.22820663,0.024088114393587243,0.04382776711825754,-0.040260373304999854,0.020818854611249,-0.006054946283319776,-0.0069009914465018715,0.14294134986298307,0.1434585307596211,0.1673916022607758,0.14748140327308462,0.06193739741872432,0.05818466724769001,0.10377886833933132,0.08506826429728988,0.021774374,0.036876496,0.063268945,0.053830035
usa_jazz_roy_hargrove_strasbourg_st._denis.wav,jazz,-179.99171,104.18407,20.017015,28.265497,14.221321,15.274978,7.03406,6.797463,-0.08165569,7.9071407,0.966632,6.3779945,0.6554223,115.01904,39.241108,28.750269,15.049942,12.58143,9.828751,9.05665,7.9744663,8.310742,7.922053,8.319517,7.8081784,7.614939,1836.341177373689,1040.579530945927,4121.371085133939,2540.5105972986034,2251.6612768908344,801.120813467273,0.5408449,0.4469456,0.3452776,0.37578747,0.29912454,0.36354297,0.2933149,0.37677014,0.44618464,0.36817878,0.40954676,0.44938666,0.37732124,0.32214606,0.2608566,0.3031018,0.23921569,0.33692017,0.25138167,0.2856387,0.32920685,0.2759602,0.3143885,0.3423176,-0.06208577037373894,0.03435472675590024,0.017721137161274776,0.022103166123987883,-0.0036091295718542107,-0.006310161828564066,0.11652153973057626,0.12031109947641898,0.18826436988624642,0.16264310332410278,0.06595107245975282,0.05113170475723921,0.1327795095556652,0.11255868850118396,0.04309516,0.07481417,0.04340471,0.03835638
usa_jazz_nina_simone_feeling_good.wav,jazz,-166.1233,96.11978,-13.2974205,18.502323,-10.4651985,6.532555,-12.329505,-2.2003736,-5.1979837,-4.301804,-9.985494,-1.4845461,-6.0287232,124.68743,30.284151,23.611795,15.432711,15.279542,9.5214815,12.068171,9.856615,9.563007,10.713021,9.831764,8.3278885,8.340412,2080.994413330931,600.9834390313752,4284.604633718297,1317.9218923905232,2178.11198392021,373.3088070950033,0.24140888,0.24221069,0.44137207,0.19305521,0.14473958,0.20246802,0.2099095,0.41643485,0.21459763,0.26097527,0.29403946,0.18619339,0.33503094,0.26400283,0.39130095,0.22479236,0.21920916,0.29983437,0.23372583,0.38991064,0.22958134,0.30838946,0.34405288,0.25143012,0.0702938873319321,0.18345746149142966,0.05870689686327883,-0.10914402056876767,0.023803892804371223,-0.0336336751727772,0.1726758022423886,0.14286463413639955,0.211338354768346,0.1901393233836603,0.0800860119878991,0.07430433733106716,0.16510825533413848,0.08319871435777876,0.026286185,0.037715927,0.034009475,0.02989139
usa_jazz_sarah_vaughan_lullaby_of_birdland.wav,jazz,-184.57509,79.44932,-10.97512,38.59827,4.2320437,19.267515,-3.6323748,8.9281645,-5.8602796,7.909546,-4.2289615,1.919574,-2.691935,63.166485,30.868067,20.5984,15.629622,12.996159,10.670463,12.759696,8.924481,10.389221,10.333066,9.125519,8.374847,8.573,2219.2887574997144,715.5648933046875,4651.21312155811,1271.3044951238244,2283.2665205688263,323.9880420869568,0.29610118,0.356679,0.35613558,0.2998635,0.29629713,0.2524373,0.30163243,0.24263437,0.22978641,0.29077098,0.30290368,0.33713776,0.29838514,0.34388348,0.36337066,0.3203978,0.33033532,0.28039905,0.3348967,0.2939827,0.28478003,0.3348603,0.31337842,0.33837298,0.08013213040741538,-0.07843854595294218,-0.05346980221778358,-0.02940577848449903,-0.005515606287166338,-0.01545430101374764,0.14863916996206206,0.16664785252669248,0.18622460477226888,0.19888978511897396,0.08282712960122426,0.07336387244782569,0.16859919625754585,0.08530955094251146,0.046621762,0.07603593,0.029250374,0.026446184
usa_jazz_keith_jarrett_the_köln_concert.wav,jazz,-322.8726,168.59514,10.359579,6.309938,8.087303,-1.3698038,-5.264858,-6.4734373,-5.9453154,-7.509153,-9.725923,-3.1877584,0.11138201,79.34007,28.12292,32.219875,14.360782,9.956589,9.837942,7.8672833,7.9173055,7.300693,7.516601,7.4649096,8.5016985,9.041655,756.5992382642341,197.47955787997228,1259.4499030466393,436.4744353191637,968.8755205459872,234.11710964780792,0.2887578,0.17410567,0.3085387,0.1978626,0.37212446,0.20988701,0.15508106,0.15661554,0.1510911,0.36653236,0.19616212,0.30887374,0.31820104,0.16403444,0.36297357,0.17348813,0.39527678,0.2623138,0.21000816,0.23911722,0.14408869,0.38576838,0.18597324,0.34859863,0.38309079545741087,-0.005728147800396365,-0.0005832760483861481,0.0718227675747243,-0.02220800352112427,0.002498350198322693,0.1919349735105608,0.2632019328110231,0.26859496482540646,0.243532839990946,0.10634520704053187,0.10530218494434838,0.04665846478117019,0.01730835713296169,0.0026667763,0.028632358,0.0072688237,0.0077733323
usa_jazz_brad_mehldau_exit_music_(for_a_film).wav,jazz,-270.54797,126.2417,34.197327,26.374657,3.5483162,5.0451703,-2.8305023,-2.4664514,-7.470939,-2.2965236,-4.9264035,-2.489185,-3.5276296,95.37685,30.03116,19.932602,15.956918,9.985086,7.3037558,7.7748632,7.4499726,6.912706,8.617817,7.3221574,7.7480407,7.5683427,1364.0414657626902,634.7151124096408,2948.381467260782,1812.5834242801702,1947.817618365746,715.9019169059737,0.28780818,0.32881227,0.26937354,0.18061057,0.3388646,0.2516089,0.4934162,0.23386522,0.11212301,0.100840576,0.21181586,0.4413366,0.25451344,0.30317473,0.32623786,0.1695258,0.38355127,0.18788873,0.38379702,0.24196544,0.17325704,0.13578409,0.18436958,0.35917464,0.1504649228754367,-0.24498121182711904,0.10802649171697025,-0.08677301208928923,-0.020717487273179565,-0.001752889775937611,0.17414722266075308,0.24918893783866145,0.19368052729109045,0.26108402376556367,0.10709590350195938,0.08065921132603676,0.09436219381239842,0.06843328685080885,0.03335873,0.052428674,0.011155174,0.012441632
usa_jazz_tomasz_stańko_suspended_night.wav,jazz,-165.73628,141.27122,-24.29112,15.899789,-21.185621,20.965488,-18.624256,12.025781,-16.338503,7.170662,-7.3588943,2.4072318,-9.180279,81.61495,29.414526,38.859653,17.96831,13.836074,17.371239,11.816804,11.478109,15.063115,11.696712,12.891733,13.064833,11.9720335,1561.1583516476526,467.03678107527037,3072.856080263597,1391.8991690388339,1699.3570996584058,512.3939326274136,0.18343751,0.1930061,0.23525386,0.20732662,0.4694664,0.23424561,0.22446209,0.3103396,0.26422402,0.54199517,0.17539297,0.21789852,0.22193049,0.23412289,0.29564443,0.1937986,0.39815462,0.24097334,0.2523573,0.31236297,0.19013637,0.39553276,0.15362489,0.26329675,0.15868284096893118,0.05235614352189483,-0.09078157250637042,0.021125057555615594,0.01257961669604995,0.008843513891300551,0.1655074376207377,0.12490811383613176,0.20366088455006967,0.17528521457724267,0.06086493591603795,0.0865900534621377,0.1153976833679185,0.05844095756433337,0.007726962,0.03382079,0.033168845,0.021704944
usa_jazz_dizzy_gillespie_a_night_in_tunisia.wav,jazz,-164.74629,98.15749,5.2533865,24.849747,4.061217,7.7471175,1.8916327,3.403648,-3.6913197,2.174038,-3.3171103,-0.06892157,-2.1957154,102.32953,37.55849,28.999428,12.107189,9.243409,8.100196,7.9829307,7.569272,8.678897,7.8313518,7.9971075,7.927904,8.185199,2084.321342770574,765.1197068743668,4472.443039333679,1867.904408991858,2352.797439934715,551.7788549707226,0.30012548,0.31005713,0.28331736,0.29848143,0.37971547,0.36175922,0.2385323,0.24914347,0.27766645,0.4403794,0.34669808,0.28082684,0.29122895,0.29563424,0.3051428,0.29591906,0.3233369,0.33636642,0.23474959,0.2840447,0.2521594,0.3667452,0.31214783,0.26789886,0.07927805893891138,0.048687718392004156,-0.057283657749627376,-0.02149371276113407,0.002556284319969548,0.004985776867880078,0.14776118059247426,0.11129885870139486,0.15364267564992182,0.13945489554832313,0.062141144688277486,0.06103944860166278,0.1369865847929243,0.07694895097441046,0.037695017,0.0476649,0.02995393,0.025459833
usa_jazz_snarky_puppy_lingus.wav,jazz,-130.64323,96.36846,-1.1071153,26.483908,6.7333856,8.273769,-3.0933084,2.1977434,-1.7300309,0.58335537,-4.5590186,0.06378051,-5.225782,92.94374,36.61874,26.4273,17.294348,14.337995,12.701211,11.599272,10.583337,8.119937,8.732162,7.878711,7.5397406,7.93281,2121.010894141491,837.1628735328358,4564.731588157723,1881.3507521114832,2314.7382783420094,608.1560110329582,0.21990864,0.23847307,0.32973358,0.25037193,0.46455902,0.21084605,0.2399389,0.27994072,0.30798236,0.412704,0.30699304,0.35240343,0.24842496,0.24725947,0.3399032,0.19489199,0.39106435,0.19732219,0.2661369,0.3100245,0.2513822,0.3647941,0.2768936,0.32072628,0.1814950774669253,-0.021770164042204488,0.0018524916387454558,0.024558450180172945,0.014450569459941325,-0.007024095140175344,0.15353892272417946,0.1505928234393028,0.16176264564167084,0.17579216272847675,0.06053687150147291,0.06415030639815925,0.14194614825792315,0.09634344557394184,0.046565626,0.06217775,0.051836334,0.04528895
usa_jazz_charlie_parker_ornithology.wav,jazz,-178.45691,129.49776,-19.993559,40.36531,-4.0721183,13.976446,1.268932,2.0268135,-1.1024277,2.3552139,-3.9045856,2.2610202,-5.7362485,77.88474,32.460014,15.41094,13.070402,9.256757,8.295384,8.224972,7.251316,8.015465,7.5065618,8.59662,8.461351,9.22095,1425.5016187850408,405.3980447537609,2976.7285903142924,905.4026904759623,1714.0240326184407,345.9452643052015,0.19794975,0.23548333,0.34095788,0.26110786,0.23217693,0.22456926,0.2596289,0.33818248,0.3211974,0.36462477,0.25798902,0.17949456,0.27727047,0.27800256,0.37772435,0.2916834,0.2851009,0.28647408,0.28594717,0.3593639,0.3110474,0.34692,0.29940087,0.24086629,0.049066799417942675,0.10229509580490491,0.05041474308343665,-0.0077068910790390795,0.0014407038906520666,-0.02923807856183691,0.15604123630518676,0.1224981032886544,0.16500013351936002,0.17205262522630987,0.07104401000644489,0.06625700729930362,0.09056194978887827,0.04675569170631377,0.022020463,0.121756986,0.043088008,0.0357541
usa_jazz_wes_montgomery_four_on_six.wav,jazz,-173.57976,106.469955,21.069342,49.965023,-6.0009913,2.8247132,-5.5498576,4.045495,-5.1342583,-4.5715218,-6.066889,0.9737966,-9.307442,51.060997,22.415562,19.943733,10.928013,8.016323,8.937036,7.6353583,6.4019995,6.087948,5.6639566,6.505302,6.8502026,7.5917006,1659.6440643303977,447.99065213203545,3908.6663346459977,1181.1171639419492,2200.953601193558,389.0070043132684,0.22788805,0.20572653,0.24984576,0.15496463,0.15594926,0.18190505,0.21258856,0.32071432,0.2878356,0.3893871,0.3427095,0.1994046,0.33384782,0.2539734,0.3390725,0.2367124,0.24139255,0.27809042,0.24507454,0.37287673,0.2741638,0.37259188,0.3506379,0.21958792,0.08023932806005903,0.09255760403128968,-0.0210331265735897,-0.06009413692967297,0.014361570542497929,0.00526384582971407,0.15734667784381998,0.12787301412761276,0.20037304371100356,0.17400273944041406,0.07676264459099749,0.07898597945333066,0.10386746638829232,0.05175440553967399,0.024117958,0.062462714,0.03516282,0.023968274
usa_jazz_pat_metheny_are_you_going_with_me?.wav,jazz,-267.7011,126.73293,28.367294,22.775724,12.962472,5.508932,4.2530494,4.65595,-0.4416096,0.04642997,-6.944601,1.6957034,-1.0709661,59.02493,17.142986,22.478643,9.668341,9.261271,8.058717,8.686791,8.8857765,8.412784,7.220945,7.668507,9.044097,8.60813,1425.9613976409178,395.07050281053074,2788.0773441127817,1307.403948890816,2207.7810645504164,298.2851346730015,0.46379116,0.28623238,0.43927577,0.37533173,0.19019766,0.19804154,0.22910583,0.4912021,0.2913422,0.25068393,0.37096667,0.32260177,0.37118876,0.21670206,0.34591275,0.31347734,0.18149643,0.2653438,0.16767159,0.34342322,0.24584572,0.21771105,0.34168682,0.24024552,-0.07010499130844454,0.17482368076319868,0.08033536291718597,0.02965223234697534,0.011980296304406638,0.02869010577820305,0.17718118787075185,0.13277101902033103,0.14606208938042967,0.1597678860953314,0.06210232216202054,0.08261242525610078,0.0817133626944509,0.05049810722533217,0.019450195,0.027946478,0.012585141,0.008821817
usa_jazz_john_coltrane_naima.wav,jazz,-317.05103,116.27239,20.200544,36.160946,6.8098483,12.195991,3.3426852,-1.6987029,-1.7020143,-1.1429532,-3.0937626,0.30753186,1.0811987,64.332375,27.595898,18.751387,11.789194,9.315772,8.918746,9.55172,8.509591,8.2063875,8.293489,8.066541,8.261332,8.162367,1293.8539278092517,481.3662247000147,2561.243772628497,1340.1148144959361,1923.8500096311147,377.5403488526201,0.2204428,0.25485736,0.26968023,0.33196905,0.23820971,0.21963018,0.24375738,0.24683268,0.23905182,0.17805597,0.36995634,0.28324008,0.25648388,0.3136248,0.3253079,0.4029312,0.29849178,0.28615797,0.2905727,0.31468788,0.2938008,0.20516922,0.40469587,0.29299054,-0.21035566782516407,0.056194312375322256,0.1540153619163176,-0.13064786035093773,0.03084321262310905,0.024372395701493164,0.18579765403682494,0.15894258279080345,0.21292310546794044,0.22575563215991468,0.08058631599224113,0.11551371152268551,0.1157574606019271,0.06717664368896434,0.03944048,0.044378478,0.0060544014,0.009097658
usa_jazz_louis_armstrong_what_a_wonderful_world.wav,jazz,-237.21106,113.65672,-2.208343,5.7683325,3.8608162,-3.8922088,-7.030474,0.018863214,-3.3692193,-0.4814026,-7.119425,-1.7236614,-6.723428,90.32823,34.680107,21.254007,17.298674,15.023115,12.871949,11.530635,9.955515,9.514556,10.121145,9.3182335,9.929029,8.768352,1910.8656760379165,829.9634328177126,3852.5570421333773,1933.5224828653545,2244.841104268819,581.1814928026844,0.33230254,0.20059551,0.23244269,0.13550282,0.24829899,0.31106025,0.16531785,0.26407343,0.21800838,0.42107666,0.25481364,0.15224926,0.36142156,0.21518223,0.3196622,0.18689692,0.28992462,0.34385696,0.19254868,0.34166747,0.21886212,0.37147248,0.27560878,0.16235177,0.11596733941448029,0.20156977417933605,-0.13215515325168542,0.06225979325693102,0.007851003846712334,0.030592375665194408,0.17063726174447838,0.1706344152653196,0.21890608797011485,0.2363577449513907,0.08182522164524515,0.10680710304251852,0.15812852647569445,0.10447346565524497,0.05017751,0.12863822,0.013810633,0.014610336
usa_jazz_wayne_shorter_footprints.wav,jazz,-111.9411,99.43164,-6.101304,24.472273,1.843445,2.1125343,-10.398315,-2.5080674,-8.433557,4.1676426,-6.545798,3.6077766,-6.0329485,56.92459,20.936024,22.52986,10.558933,7.992236,8.9303665,8.624782,7.9609876,7.444324,7.6068697,6.9897294,6.9343076,7.1856484,2078.196411251039,471.4790648920683,4324.3166499938325,1291.6874292144087,2288.1823697059517,389.18498218359474,0.25501847,0.19603068,0.3901747,0.332096,0.22802436,0.3253934,0.28372005,0.43493438,0.20491621,0.1721836,0.22236317,0.16697384,0.31812108,0.18996646,0.3501288,0.33304262,0.22887278,0.33445093,0.24402937,0.3931482,0.21549837,0.20933188,0.28520483,0.21500687,0.012694168170625079,0.16104021405085986,0.08165773869999575,-0.02422807571846486,0.007380820218813538,0.010627792412083892,0.15987821408370306,0.16596137723590076,0.15795695020529094,0.16690823362012494,0.06915627134889984,0.0675340142445658,0.14236499085790574,0.06300175992822907,0.038987417,0.050848503,0.040497098,0.031513277
usa_jazz_charles_mingus_goodbye_pork_pie_hat.wav,jazz,-254.08028,106.88781,8.270947,25.549599,14.950546,0.82143533,-0.6252652,1.1605183,-6.007609,1.152518,-1.3477731,-2.026855,-2.7077012,67.7338,26.50947,26.85249,9.725818,8.411545,9.769706,7.9251566,6.951673,8.73062,7.2684736,7.2934647,7.525132,7.8238444,1713.0058376842467,567.3963502175277,3558.8930220788834,1597.7475961950024,2260.278038037243,468.3056035381862,0.1350372,0.1551687,0.23451743,0.40934503,0.20241451,0.2079309,0.28702807,0.18144284,0.25943795,0.23568211,0.28917906,0.1718073,0.21502788,0.24055324,0.27250794,0.401294,0.21163371,0.27634197,0.36292627,0.21091466,0.3621146,0.2832467,0.34796706,0.23572226,-0.1380757705193288,-0.05152227925109291,0.05372415132930191,-0.08917149098240622,-0.007343176315846198,0.03741421203350315,0.21502677787330013,0.1827503584304191,0.23435824728754864,0.19872783260138815,0.08337010339187191,0.10215767316816604,0.1407902356447353,0.0785391715983786,0.0518803,0.06905445,0.0078692315,0.0078086094
usa_jazz_sonny_rollins_st._thomas.wav,jazz,-120.422844,115.175835,4.973931,29.819601,-2.5915408,8.295157,-8.508283,0.27974704,-6.53329,-0.9480293,-2.2783046,-0.755497,-5.062388,77.22087,37.043034,29.646292,12.080745,10.575127,8.518022,8.309854,7.1202407,7.8660693,7.648567,6.8620863,6.796345,7.233578,1821.4180074829546,833.2667359732139,3769.892914831597,1913.0406777211358,2118.368965515474,537.6253594849849,0.34170318,0.369754,0.39816055,0.42447233,0.41021267,0.2973935,0.30450252,0.4112204,0.28720057,0.28602466,0.26713824,0.27819878,0.31573135,0.32402432,0.32390523,0.31737575,0.318658,0.29026607,0.26374373,0.35194868,0.26501802,0.28738123,0.27649817,0.25414935,0.04764321744934152,0.046314868457797004,0.018618939876567205,0.03671867310189252,0.015187673314961975,0.013381616451799425,0.1294029193916271,0.13504337522900411,0.14569059272686216,0.16475456622979856,0.0626693363482857,0.06634477793013789,0.12097329519894938,0.09119818612443063,0.035103243,0.05425838,0.060989384,0.039444845
usa_jazz_herbie_hancock_cantaloupe_island.wav,jazz,-95.19962,114.929344,-1.4430782,28.11406,6.4182057,8.054298,-12.049939,-1.3690585,-15.45962,2.8754551,-4.9174113,-0.06911817,-7.116273,44.21827,20.644697,18.64103,9.454253,8.010163,6.3995767,7.6777062,8.134382,8.452591,6.4911284,6.2966304,7.2700768,7.64474,1738.3817812701968,421.9766751395197,3668.926340160277,1103.7185031990984,2156.296972770425,318.82494428799527,0.31760785,0.21988475,0.29147163,0.25492617,0.18850581,0.4993719,0.2856908,0.41293737,0.28917575,0.16439441,0.24146353,0.21356928,0.29374507,0.2345062,0.34339583,0.26876783,0.15279676,0.396221,0.17919332,0.3951158,0.28975764,0.19361195,0.28492603,0.22807322,-0.02559028042266046,0.17034939883554057,-0.0019235596789899615,-0.006444464476964746,-0.044816640605514275,-0.021029279515526574,0.23368934025524113,0.18305679752347917,0.17065933913598214,0.1982116461276482,0.08601115445970298,0.06105791487305459,0.10822906387856977,0.056022314835829486,0.025887446,0.04547906,0.053509872,0.034628842
usa_jazz_dave_brubeck_take_five.wav,jazz,-190.67828,92.96594,21.176857,23.387125,6.8010116,10.659353,-0.19248044,2.7521534,2.0244644,1.6822892,-0.23875058,4.8210287,0.092746794,68.282745,35.048214,21.84771,9.988063,8.433343,6.850654,7.6801023,6.2868233,6.1922717,5.890958,6.4606643,6.6513357,7.005642,2223.3462382380703,858.9592005264425,5104.292813547531,2125.510999765509,2612.8229549325324,597.4311314413707,0.2932043,0.3325938,0.37185785,0.4225051,0.25016537,0.24486607,0.22321898,0.25824925,0.4183139,0.41386926,0.4801614,0.31378022,0.289955,0.30723903,0.342589,0.40545687,0.26255137,0.2471683,0.24128853,0.23301667,0.36416233,0.33023694,0.39995453,0.30203196,-0.15050386190723405,0.025619732455393954,0.09376176100511592,-0.07158756922452204,0.023610190911631475,0.03610211062824432,0.1184292376138365,0.09251699746625693,0.18031083026884867,0.15705488184072783,0.05797835994878939,0.07771038386727631,0.14566567914514164,0.0822995238105082,0.06493871,0.086399354,0.02248129,0.020854134
usa_jazz_art_blakey_moanin'.wav,jazz,-110.52071,92.11094,-2.1076803,10.89507,9.212401,2.8207307,-5.9479284,-1.3223125,-11.668216,-0.7310733,-4.125746,1.0571281,-2.1568995,89.87435,26.905022,21.963284,11.125793,9.364871,8.455833,8.952877,8.1317215,6.348383,7.44641,6.8865695,8.031478,8.508106,2301.551578731612,640.6225257060092,5048.341232523,1771.8872103999338,2507.722654099576,519.3768309467513,0.32607037,0.19658285,0.20244712,0.21686937,0.22483368,0.45172814,0.2614683,0.2553682,0.32100567,0.22777008,0.23439337,0.20646462,0.3514978,0.24558407,0.28871518,0.28473234,0.23185046,0.4006227,0.23359215,0.28709364,0.34819245,0.24389637,0.31070536,0.23763835,-0.08890609320805948,0.12896687794667416,-0.08826464758133987,0.09032166673317567,-0.057279636605443884,-0.03412498030458886,0.18370317297461197,0.21775790687385566,0.24368146751217482,0.21172856200134998,0.10757849462753742,0.07311041140680921,0.1538187402955944,0.06221713013326324,0.051645737,0.05096346,0.0498282,0.045224316
usa_jazz_duke_ellington_take_the_a_train.wav,jazz,-195.48161,159.54385,-6.920927,45.336197,-3.7565515,2.0865066,-6.2541757,-4.0530963,-3.8660424,-10.395628,-3.5370731,-7.2993045,-4.962574,70.43992,35.790874,30.079824,18.234873,15.706494,10.863552,13.575998,11.60819,8.042217,7.9073052,7.8666306,8.056574,6.898286,1036.46931344575,510.22862703200514,1961.9536600939189,1264.5704497570175,1285.697083543589,396.7880585881785,0.36009508,0.20750359,0.21635064,0.22918063,0.28565857,0.25076437,0.24497472,0.34977508,0.26484945,0.22184579,0.21878575,0.28477603,0.37000075,0.23754828,0.28240553,0.26731953,0.31408525,0.29765955,0.26123667,0.3624775,0.29130444,0.2798584,0.2852899,0.29683354,0.03327977177593366,0.08635603731694201,0.05330404599617076,0.0547137722527385,-0.0005642425288446499,0.022062100880843503,0.1942490571528467,0.17833870918881506,0.21974005878715355,0.20534210682023424,0.09326873371707498,0.08809584371446268,0.08267098021478966,0.06596715306666265,0.012346813,0.096479654,0.045148242,0.034115292
usa_jazz_ella_fitzgerald_summertime.wav,jazz,-238.59425,118.74161,-9.021684,19.003288,-2.4108012,-6.1561737,-10.022872,-4.753652,-6.762382,-2.3838224,-9.374791,-5.3768706,-8.316099,68.92312,33.411144,24.419775,16.3308,13.971188,10.338157,10.977215,9.204639,7.9177527,8.286317,8.840607,8.478304,9.208919,1734.0676184545234,650.3222253793139,3296.6049091595078,1456.6380015582213,1991.8187629144923,383.82292697358724,0.15902473,0.251862,0.23640007,0.1734196,0.2405666,0.25834614,0.48333687,0.26514894,0.2893584,0.24885976,0.26484492,0.2518321,0.18728149,0.28721222,0.27888337,0.21326211,0.32777742,0.25034824,0.3979335,0.23958567,0.318618,0.26527938,0.29881528,0.31378156,0.027359412632173827,-0.19217742667267032,-0.014475149447160614,-0.08945127897946727,-0.004950620150814691,0.0035527692969739566,0.2121886424080731,0.19036299742946367,0.18505967866370174,0.2688376877937721,0.10130358717194658,0.11088527195298516,0.1572009410552589,0.09765967543105247,0.033441573,0.043314844,0.010530936,0.011011763
usa_jazz_joe_pass_all_the_things_you_are.wav,jazz,-202.96594,129.21263,2.4297142,30.478085,3.406619,0.23854591,9.482532,-0.13400939,-0.9610202,2.8262057,-3.1226773,-1.3909262,-0.023329126,80.42746,32.859608,17.966967,12.071849,9.6357,7.7478647,8.337372,7.2885404,7.691253,8.522063,8.27044,8.490543,9.274414,1409.253333276133,601.1946107788443,2862.0161741605234,1375.2442594857014,1861.346139980588,521.7112337494611,0.2456869,0.21827778,0.26227894,0.27781534,0.30219266,0.32912114,0.2547764,0.2976727,0.23456147,0.15201646,0.1526751,0.19733752,0.31813848,0.26481292,0.3217284,0.30878475,0.32335067,0.3554682,0.27713856,0.3421642,0.29341066,0.22646438,0.24132554,0.27897722,0.009711100454040649,0.0537451899286351,0.011484007341693745,0.04376309450092653,-0.01261829369557781,-0.017836920436817547,0.2057919684970823,0.20711871890950467,0.23291298897711613,0.21876376689408886,0.09983856699836723,0.08675767028178422,0.08828775739348735,0.05284277782931541,0.014473174,0.022493318,0.029840417,0.022691967
usa_jazz_thelonious_monk_'round_midnight.wav,jazz,-186.76472,143.91675,-26.08705,13.138549,2.3729649,-1.9288205,-6.529236,-2.5516279,-7.2086635,-5.2734413,-6.8413663,-4.2015634,-4.350559,60.63871,23.974476,14.2806,13.985558,13.276222,9.006811,9.959818,8.907722,9.0872345,11.193169,10.252109,11.330559,9.690225,1283.0389265221756,301.11451392247255,2335.3626216678517,655.9070164298207,1436.1006776438728,276.2553236007477,0.18179604,0.1955814,0.17973803,0.19387889,0.16675371,0.22791167,0.26963872,0.23843129,0.26167923,0.21700726,0.28292468,0.17189927,0.2641996,0.27655908,0.26852152,0.28707418,0.2353203,0.30131686,0.34158507,0.28060094,0.33460587,0.265327,0.34630293,0.2277527,-0.09272754362283955,0.008564858169126747,-0.010925480135180125,-0.022887746666802683,0.01077357914667046,-0.0032921551733460877,0.2462329377555404,0.27730516459033155,0.24059135045244634,0.24883981860345547,0.1131830927372408,0.10747707212885775,0.0861325517507836,0.03806571695972623,0.008297679,0.03990109,0.027592855,0.028612465
usa_jazz_miles_davis_blue_in_green.wav,jazz,-293.2701,113.39023,14.0293,38.00026,14.298712,7.949438,3.9202793,3.781554,0.7012999,5.0748715,2.9089692,4.6655784,6.7483106,59.394127,34.911667,19.006165,14.557289,8.704991,8.140136,9.081277,9.182649,10.021853,8.86585,8.672708,7.827907,9.569207,1405.925220008466,684.1044248633365,2834.4747224041166,1623.9456793226047,1977.5480970342473,426.8224447229209,0.36053053,0.34266338,0.4626308,0.34048936,0.3316402,0.21796352,0.13602437,0.17629553,0.2230026,0.27911282,0.24783961,0.3138388,0.32568467,0.28592524,0.41560665,0.32360435,0.32821906,0.2554123,0.16725393,0.24982266,0.2789985,0.33857584,0.2679304,0.30291218,0.2050735430517165,0.1225959913463019,-0.04900927034673032,-0.09610539728766265,-0.05420568955324481,-0.017937333977765854,0.24068486325462854,0.1936234352351037,0.2081565491692986,0.3377285642740562,0.13285660478676958,0.10719674197737826,0.11928817504571047,0.06870131923851114,0.04218952,0.062027905,0.0059354673,0.0058105355
usa_jazz_chet_baker_my_funny_valentine.wav,jazz,-257.09024,122.32192,30.30694,43.24316,2.2854238,7.569542,1.4297854,0.029808842,-9.761028,3.2224917,-6.714478,-3.2372894,-4.5034986,67.90788,31.027304,23.29456,22.940884,17.450014,12.471524,14.154166,11.97137,11.250922,10.579025,10.577344,8.531077,9.507577,1158.6422540539475,563.8446882257483,2342.7445777054027,1535.4552459726374,1812.2164728502032,423.662821138974,0.30667815,0.2763157,0.3945683,0.4254494,0.25681278,0.24394302,0.17759322,0.23626512,0.21564385,0.15183252,0.17270315,0.20299204,0.37031478,0.29229492,0.35529172,0.39197853,0.26836017,0.34582707,0.22566424,0.32301384,0.30578667,0.22276749,0.24924491,0.25622156,-0.03376342468795621,0.19375660943094614,0.14068551310806485,0.047792326208467344,-0.04468092772996036,0.029081678210560402,0.2415970735956587,0.183979771009778,0.25703417431781217,0.30308246971767716,0.10087046930538174,0.12891635649922936,0.13059571145034102,0.08018244131564653,0.025420953,0.032104462,0.01675652,0.021905717
usa_jazz_oscar_peterson_hymn_to_freedom.wav,jazz,-366.65448,157.65126,37.305885,15.902165,15.128418,7.9254303,-1.4038469,-8.635568,-7.479744,-6.95761,-6.1394777,-1.7561955,-0.502064,72.55989,33.090683,23.531097,12.796223,9.94176,9.299684,9.246662,8.871759,9.914618,8.685631,8.272681,9.668939,9.06493,956.8601980379437,478.48956882886586,1584.596520630478,1528.6978978934376,1628.726430791096,582.9538269740569,0.249798,0.2419433,0.33134106,0.26028666,0.22836919,0.3646876,0.21295944,0.27495167,0.20475887,0.29682258,0.34963948,0.1767175,0.3350441,0.24839573,0.32495654,0.28933913,0.25157124,0.37842768,0.18250129,0.3520784,0.23645955,0.3170643,0.34181952,0.18457909,0.030991569459457677,0.20942002510196245,-0.03799786060808086,-0.10061859079085946,9.184351557635924e-06,-0.01851929775476219,0.21498860603460482,0.21923017688139187,0.2615213173318193,0.27391132984573535,0.12274618819638929,0.11848906982593954,0.06811461084426515,0.05150393301782148,0.01631815,0.04140284,0.008016693,0.010048453
usa_jazz_stan_getz_desafinado.wav,jazz,-189.98373,59.40644,33.19139,40.044765,19.186308,12.94414,3.894797,10.539574,-0.864255,2.8765156,0.055876676,5.9509935,1.7292781,77.7261,29.499401,19.083439,11.75563,8.470448,10.225524,7.4633164,6.332901,7.635122,6.8366957,5.8896885,6.1562285,6.403853,2904.600438065182,1094.5611294361247,6482.706539454304,1978.0741435089676,2979.6740461052477,480.64259538891514,0.3017091,0.23737663,0.2875844,0.32949033,0.38170093,0.4138782,0.2973763,0.2824868,0.2360626,0.27625456,0.3118108,0.29470712,0.32737854,0.25834644,0.28824785,0.33439836,0.31851232,0.36463636,0.27415147,0.3173589,0.24248374,0.29808128,0.3362808,0.31257364,0.01676378207254683,0.05302939767694166,-0.0028824853995831528,-0.017156836561840146,0.004107249335280534,-0.005294046504547293,0.12010626088031844,0.11087052647408271,0.13618873982620117,0.13021966863047613,0.057025133148019776,0.0538730808965412,0.1888308980112317,0.1182290214639957,0.08738513,0.08990628,0.026423344,0.016172633
